Date,HomeTeam,AwayTeam,FTHG,FTAG,FTR,Year,AST,AS,HST,HS,Hg,Ag,PFTHG,BHT,PFTAG,BAT,PFTR
2012-08-18,Arsenal,Sunderland,0.0,0.0,D,2012,2.0,3.0,4.0,14.0,0,14,1,1.5045958855324015,0,0.7764800913247789,H
2012-08-18,Fulham,Norwich,5.0,0.0,H,2012,2.0,4.0,9.0,11.0,4,9,2,2.166646044168272,1,1.100086888994964,H
2012-08-18,Newcastle,Tottenham,2.0,1.0,H,2012,6.0,12.0,4.0,6.0,8,16,1,1.5070981659805263,1,1.6951719722271588,D
2012-08-18,QPR,Swansea,0.0,5.0,A,2012,8.0,12.0,11.0,20.0,10,15,0,0.8498746777253178,0,0.9677259333019699,D
2012-08-18,Reading,Stoke,1.0,1.0,D,2012,3.0,6.0,3.0,9.0,11,13,1,1.1427101114645828,1,1.173162703162391,D
2012-08-18,West Brom,Liverpool,3.0,0.0,H,2012,7.0,14.0,10.0,15.0,17,5,1,1.6954173901524177,1,1.1900383210405103,D
2012-08-18,West Ham,Aston Villa,1.0,0.0,H,2012,6.0,10.0,4.0,8.0,18,1,1,1.8476967068438526,0,0.8591537008801207,H
2012-08-19,Man City,Southampton,3.0,2.0,H,2012,6.0,9.0,15.0,20.0,6,12,1,1.8420309409304056,0,0.7380873375313399,H
2012-08-19,Wigan,Chelsea,0.0,2.0,A,2012,3.0,5.0,4.0,12.0,19,2,0,0.8706721497171619,1,1.9480269149311027,A
2012-08-20,Everton,Man United,1.0,0.0,H,2012,7.0,12.0,7.0,16.0,3,7,1,1.253761873175866,1,1.0413927875007811,D
2012-08-22,Chelsea,Reading,4.0,2.0,H,2012,5.0,7.0,11.0,23.0,2,11,3,3.2374121366616544,0,0.5725718441811943,H
2012-08-25,Aston Villa,Everton,1.0,3.0,A,2012,11.0,19.0,3.0,7.0,1,3,1,1.1989633665049,1,1.1137910282104397,D
2012-08-25,Chelsea,Newcastle,2.0,0.0,H,2012,5.0,11.0,6.0,11.0,2,8,3,3.0251483540967024,0,0.6126489634220108,H
2012-08-25,Man United,Fulham,3.0,2.0,H,2012,11.0,14.0,11.0,20.0,7,4,2,2.054955767775662,1,1.0003692247357119,H
2012-08-25,Norwich,QPR,1.0,1.0,D,2012,4.0,6.0,4.0,13.0,9,10,1,1.8454895124716597,0,0.7138831534890898,H
2012-08-25,Southampton,Wigan,0.0,2.0,A,2012,8.0,12.0,9.0,14.0,12,19,2,2.124604212340582,0,0.95069965840728,H
2012-08-25,Swansea,West Ham,3.0,0.0,H,2012,6.0,7.0,7.0,10.0,15,18,1,1.1820690789646737,0,0.950384617460078,H
2012-08-25,Tottenham,West Brom,1.0,1.0,D,2012,5.0,10.0,10.0,18.0,16,17,1,1.9197136065240858,1,1.427709617111382,D
2012-08-26,Liverpool,Man City,2.0,2.0,D,2012,5.0,11.0,8.0,15.0,5,6,1,1.3265214910937375,0,0.8733268067244703,H
2012-08-26,Stoke,Arsenal,0.0,0.0,D,2012,6.0,16.0,4.0,7.0,13,0,1,1.0654359355718643,1,1.07883552269492,D
2012-09-01,Man City,QPR,3.0,1.0,H,2012,5.0,9.0,12.0,19.0,6,10,1,1.8095240908790646,0,0.4205378109076422,H
2012-09-01,Swansea,Sunderland,2.0,2.0,D,2012,3.0,4.0,10.0,14.0,15,14,1,1.057104555159102,0,0.8579989700316855,H
2012-09-01,Tottenham,Norwich,1.0,1.0,D,2012,4.0,10.0,9.0,15.0,16,9,2,2.356879412267374,1,1.1560104567425205,H
2012-09-01,West Brom,Everton,2.0,0.0,H,2012,5.0,12.0,8.0,14.0,17,3,1,1.6355589963133303,0,0.9310923724507791,H
2012-09-01,West Ham,Fulham,3.0,0.0,H,2012,13.0,14.0,12.0,17.0,18,4,1,1.6292584357367879,1,1.0418587297524902,D
2012-09-01,Wigan,Stoke,2.0,2.0,D,2012,8.0,16.0,5.0,9.0,19,13,1,1.1274212783121529,1,1.0880020608704817,D
2012-09-02,Liverpool,Arsenal,0.0,2.0,A,2012,7.0,11.0,8.0,17.0,5,0,1,1.5741031241725494,1,1.0245690547024011,D
2012-09-02,Newcastle,Aston Villa,1.0,1.0,D,2012,9.0,13.0,6.0,16.0,8,1,1,1.626475306041532,1,1.2850688570284101,D
2012-09-02,Southampton,Man United,2.0,3.0,A,2012,9.0,18.0,8.0,15.0,12,7,1,1.3742040011630612,1,1.477306493256542,D
2012-09-15,Arsenal,Southampton,6.0,1.0,H,2012,4.0,9.0,12.0,20.0,0,12,2,2.1610328291194536,0,0.8758437701317134,H
2012-09-15,Aston Villa,Swansea,2.0,0.0,H,2012,5.0,10.0,13.0,17.0,1,15,1,1.3800767727360779,1,1.0082842912584493,D
2012-09-15,Fulham,West Brom,3.0,0.0,H,2012,8.0,10.0,14.0,23.0,4,17,1,1.7647656769635203,1,1.3586422353842718,D
2012-09-15,Man United,Wigan,4.0,0.0,H,2012,4.0,8.0,10.0,17.0,7,19,2,2.631521059316166,0,0.7106867910936253,H
2012-09-15,Norwich,West Ham,0.0,0.0,D,2012,4.0,9.0,14.0,20.0,9,18,1,1.4626066751139128,1,1.230399512008286,D
2012-09-15,QPR,Chelsea,0.0,0.0,D,2012,9.0,13.0,6.0,10.0,10,2,0,0.62237251455151,1,1.6557725037321283,A
2012-09-15,Stoke,Man City,1.0,1.0,D,2012,11.0,15.0,3.0,4.0,13,6,0,0.8978596409702034,0,0.9195827042519316,D
2012-09-15,Sunderland,Liverpool,1.0,1.0,D,2012,9.0,20.0,4.0,6.0,14,5,1,1.1908974376926893,0,0.968349935945808,H
2012-09-16,Reading,Tottenham,1.0,3.0,A,2012,11.0,22.0,2.0,4.0,11,16,1,1.4085096487189503,1,1.814116094235505,D
2012-09-17,Everton,Newcastle,2.0,2.0,D,2012,7.0,11.0,10.0,17.0,3,8,1,1.9530758269359554,0,0.7268065872071167,H
2012-09-22,Chelsea,Stoke,1.0,0.0,H,2012,6.0,13.0,9.0,17.0,2,13,1,1.9988311414168318,0,0.5593772374365168,H
2012-09-22,Southampton,Aston Villa,4.0,1.0,H,2012,2.0,8.0,4.0,12.0,12,1,1,1.881543975121279,1,1.103538392495874,D
2012-09-22,Swansea,Everton,0.0,3.0,A,2012,19.0,30.0,11.0,18.0,15,3,1,1.0702947562270588,0,0.8829720100093716,H
2012-09-22,West Brom,Reading,1.0,0.0,H,2012,1.0,8.0,4.0,9.0,17,11,2,2.8914289183336686,0,0.8244803410884076,H
2012-09-22,West Ham,Sunderland,1.0,1.0,D,2012,2.0,4.0,11.0,20.0,18,14,1,1.2568721987993123,0,0.8232446044672275,H
2012-09-22,Wigan,Fulham,1.0,2.0,A,2012,9.0,12.0,9.0,18.0,19,4,1,1.3224376629928822,1,1.5466325719984422,D
2012-09-23,Liverpool,Man United,1.0,2.0,A,2012,4.0,8.0,8.0,13.0,5,7,1,1.6024453842442863,1,1.0795058117059102,D
2012-09-23,Man City,Arsenal,1.0,1.0,D,2012,4.0,10.0,10.0,14.0,6,0,1,1.3526385825264005,0,0.8676664726944482,H
2012-09-23,Newcastle,Norwich,1.0,0.0,H,2012,3.0,8.0,8.0,16.0,8,9,1,1.6693117385841578,1,1.4194123409949762,D
2012-09-23,Tottenham,QPR,2.0,1.0,H,2012,6.0,9.0,14.0,18.0,16,10,2,2.204026276387147,0,0.6445123259363943,H
2012-09-29,Arsenal,Chelsea,1.0,2.0,A,2012,5.0,10.0,5.0,14.0,0,2,1,1.2840980059257483,1,1.237707629162533,D
2012-09-29,Everton,Southampton,3.0,1.0,H,2012,2.0,8.0,9.0,17.0,3,12,1,1.6771818464757995,0,0.8407865463178997,H
2012-09-29,Fulham,Man City,1.0,2.0,A,2012,12.0,21.0,3.0,7.0,4,6,1,1.2763385436019434,1,1.0786480845564599,D
2012-09-29,Man United,Tottenham,2.0,3.0,A,2012,6.0,10.0,8.0,15.0,7,16,2,2.1594206598192582,1,1.0882024947229265,H
2012-09-29,Norwich,Liverpool,2.0,5.0,A,2012,6.0,10.0,7.0,10.0,9,5,1,1.3727723117287136,1,1.4610391931055058,D
2012-09-29,Reading,Newcastle,2.0,2.0,D,2012,3.0,8.0,7.0,14.0,11,8,1,1.729444544503349,1,1.2848876677778147,D
2012-09-29,Stoke,Swansea,2.0,0.0,H,2012,0.0,8.0,5.0,10.0,13,15,1,1.177290886873551,0,0.7579722610398506,H
2012-09-29,Sunderland,Wigan,1.0,0.0,H,2012,3.0,8.0,6.0,11.0,14,19,1,1.8835697975897387,0,0.6619144212628641,H
2012-09-30,Aston Villa,West Brom,1.0,1.0,D,2012,7.0,14.0,8.0,19.0,1,17,1,1.4552884371469612,1,1.5407983957825866,D
2012-10-01,QPR,West Ham,1.0,2.0,A,2012,10.0,17.0,9.0,13.0,10,18,0,0.8154493972001549,1,1.150603141087875,A
2012-10-06,Chelsea,Norwich,4.0,1.0,H,2012,4.0,7.0,13.0,20.0,2,9,2,2.7289511973196996,0,0.7242798986450716,H
2012-10-06,Man City,Sunderland,3.0,0.0,H,2012,6.0,8.0,16.0,26.0,6,14,1,1.282494248769262,0,0.6543520006608151,H
2012-10-06,Swansea,Reading,2.0,2.0,D,2012,6.0,8.0,16.0,25.0,15,11,1,1.8921244762625136,0,0.7818698611694705,H
2012-10-06,West Brom,QPR,3.0,2.0,H,2012,6.0,13.0,8.0,13.0,17,10,2,2.2792381417193712,0,0.5814685282956082,H
2012-10-06,West Ham,Arsenal,1.0,3.0,A,2012,14.0,20.0,3.0,7.0,18,0,1,1.3256151682802686,1,1.0916169605983606,D
2012-10-06,Wigan,Everton,2.0,2.0,D,2012,11.0,16.0,6.0,10.0,19,3,1,1.0329083888065205,1,1.2576719659451592,D
2012-10-07,Liverpool,Stoke,0.0,0.0,D,2012,3.0,5.0,5.0,16.0,5,13,1,1.6493647631284276,0,0.6878953294712145,H
2012-10-07,Newcastle,Man United,0.0,3.0,A,2012,9.0,12.0,3.0,13.0,8,7,1,1.1879121098995942,1,1.7203212680948312,D
2012-10-07,Southampton,Fulham,2.0,2.0,D,2012,5.0,14.0,6.0,13.0,12,4,1,1.6591042146264634,1,1.3382135311307708,D
2012-10-07,Tottenham,Aston Villa,2.0,0.0,H,2012,5.0,8.0,10.0,23.0,16,1,2,2.2963992133799422,1,1.0465972384865005,H
2012-10-20,Fulham,Aston Villa,1.0,0.0,H,2012,4.0,9.0,8.0,17.0,4,1,2,2.1110474492686278,0,0.9959666830018785,H
2012-10-20,Liverpool,Reading,1.0,0.0,H,2012,5.0,8.0,13.0,23.0,5,11,2,2.671397994204315,0,0.7041214247543697,H
2012-10-20,Man United,Stoke,4.0,2.0,H,2012,6.0,8.0,8.0,13.0,7,13,1,1.7519168754898342,0,0.7037248522042356,H
2012-10-20,Norwich,Arsenal,1.0,0.0,H,2012,7.0,13.0,3.0,7.0,9,0,1,1.3795231192552477,1,1.4729055548346455,D
2012-10-20,Swansea,Wigan,2.0,1.0,H,2012,7.0,10.0,11.0,18.0,15,19,1,1.7547739320793394,0,0.7714088722148768,H
2012-10-20,Tottenham,Chelsea,2.0,4.0,A,2012,7.0,11.0,16.0,23.0,16,2,1,1.333171823765007,1,1.5985467990437958,D
2012-10-20,West Brom,Man City,1.0,2.0,A,2012,13.0,21.0,8.0,16.0,17,6,1,1.4357810436561176,1,1.0226088259436572,D
2012-10-20,West Ham,Southampton,4.0,1.0,H,2012,4.0,11.0,8.0,9.0,18,12,1,1.8052303011926412,0,0.9285925887513585,H
2012-10-21,QPR,Everton,1.0,1.0,D,2012,4.0,10.0,6.0,14.0,10,3,0,0.7383419711445854,1,1.068988648958361,A
2012-10-21,Sunderland,Newcastle,1.0,1.0,D,2012,7.0,10.0,6.0,16.0,14,8,1,1.8978371102466163,0,0.7178494985481271,H
2012-10-27,Arsenal,QPR,1.0,0.0,H,2012,3.0,4.0,11.0,21.0,0,10,2,2.122896460955774,0,0.4990268807756744,H
2012-10-27,Aston Villa,Norwich,1.0,1.0,D,2012,6.0,14.0,5.0,7.0,1,9,1,1.7866932571430942,1,1.2475779639703957,D
2012-10-27,Man City,Swansea,1.0,0.0,H,2012,5.0,9.0,5.0,10.0,6,15,1,1.4946455467424742,0,0.6096083270356514,H
2012-10-27,Reading,Fulham,3.0,3.0,D,2012,8.0,16.0,9.0,15.0,11,4,1,1.3403710914041824,1,1.6676913713867405,D
2012-10-27,Stoke,Sunderland,0.0,0.0,D,2012,3.0,6.0,6.0,11.0,13,14,1,1.0101851872736631,0,0.8136054634762587,H
2012-10-27,Wigan,West Ham,2.0,1.0,H,2012,11.0,15.0,13.0,17.0,19,18,1,1.14077833298511,1,1.3536919366587485,D
2012-10-28,Chelsea,Man United,2.0,3.0,A,2012,7.0,15.0,11.0,14.0,2,7,1,1.9419705137702994,0,0.87782392593492,H
2012-10-28,Everton,Liverpool,2.0,2.0,D,2012,5.0,12.0,8.0,17.0,3,5,1,1.2255598677882935,0,0.9804326862252692,H
2012-10-28,Newcastle,West Brom,2.0,1.0,H,2012,4.0,8.0,6.0,10.0,8,17,1,1.3596794309503868,1,1.7530193071051727,D
2012-10-28,Southampton,Tottenham,1.0,2.0,A,2012,4.0,11.0,6.0,11.0,12,16,1,1.7434457588036565,1,1.4557098189752973,D
2012-11-03,Fulham,Everton,2.0,2.0,D,2012,15.0,26.0,5.0,8.0,4,3,1,1.4539312916500617,0,0.982116503016079,H
2012-11-03,Man United,Arsenal,2.0,1.0,H,2012,3.0,7.0,7.0,11.0,7,0,1,1.6719757137096247,1,1.0481459543383222,D
2012-11-03,Norwich,Stoke,1.0,0.0,H,2012,3.0,8.0,8.0,12.0,9,13,1,1.4454814223284678,0,0.9889083095694885,H
2012-11-03,Sunderland,Aston Villa,0.0,1.0,A,2012,6.0,9.0,1.0,11.0,14,1,1,1.6680845231268233,0,0.7683267475177042,H
2012-11-03,Swansea,Chelsea,1.0,1.0,D,2012,7.0,11.0,7.0,9.0,15,2,0,0.9021863374659586,1,1.3676485500226807,A
2012-11-03,Tottenham,Wigan,0.0,1.0,A,2012,4.0,7.0,10.0,13.0,16,19,2,2.5930509764716723,0,0.9016447854330893,H
2012-11-03,West Ham,Man City,0.0,0.0,D,2012,8.0,18.0,1.0,6.0,18,6,1,1.1171167775732462,0,0.9304774041243584,H
2012-11-04,Liverpool,Newcastle,1.0,1.0,D,2012,3.0,10.0,12.0,20.0,5,8,2,2.4962454281887467,0,0.7534063460907466,H
2012-11-04,QPR,Reading,1.0,1.0,D,2012,8.0,18.0,12.0,23.0,10,11,1,1.3052805382129753,0,0.9465872044391788,H
2012-11-05,West Brom,Southampton,2.0,0.0,H,2012,5.0,9.0,6.0,16.0,17,12,2,2.3201830801579497,1,1.0205373851680288,H
2012-11-10,Arsenal,Fulham,3.0,3.0,D,2012,5.0,9.0,9.0,15.0,0,4,1,1.9503777243384985,0,0.9826758137689521,H
2012-11-10,Aston Villa,Man United,2.0,3.0,A,2012,7.0,16.0,7.0,10.0,1,7,1,1.271442899357069,1,1.5120587887239703,D
2012-11-10,Everton,Sunderland,2.0,1.0,H,2012,4.0,6.0,10.0,16.0,3,14,1,1.1677198381689349,0,0.7454000776547044,H
2012-11-10,Reading,Norwich,0.0,0.0,D,2012,3.0,10.0,3.0,7.0,11,9,1,1.5601118384918624,1,1.5190074012210162,D
2012-11-10,Southampton,Swansea,1.0,1.0,D,2012,3.0,5.0,5.0,11.0,12,15,1,1.4916179279188475,0,0.9851104610699086,H
2012-11-10,Stoke,QPR,1.0,0.0,H,2012,8.0,17.0,5.0,10.0,13,10,1,1.4253119921395816,0,0.5228865506749764,H
2012-11-10,Wigan,West Brom,1.0,2.0,A,2012,4.0,7.0,6.0,14.0,19,17,1,1.253732746851264,1,1.739840686867969,D
2012-11-11,Chelsea,Liverpool,1.0,1.0,D,2012,5.0,9.0,3.0,12.0,2,5,1,1.8982880059005016,0,0.82643866950782,H
2012-11-11,Man City,Tottenham,2.0,1.0,H,2012,2.0,6.0,8.0,16.0,6,16,1,1.7469845264052841,0,0.9008257068259133,H
2012-11-11,Newcastle,West Ham,0.0,1.0,A,2012,5.0,10.0,9.0,14.0,8,18,1,1.2371798044912505,1,1.3639456294744425,D
2012-11-17,Arsenal,Tottenham,5.0,2.0,H,2012,4.0,6.0,10.0,13.0,0,16,2,2.049526329681861,1,1.068955587203083,H
2012-11-17,Liverpool,Wigan,3.0,0.0,H,2012,3.0,9.0,11.0,22.0,5,19,2,2.477479479414754,0,0.694700667141292,H
2012-11-17,Man City,Aston Villa,5.0,0.0,H,2012,8.0,10.0,8.0,21.0,6,1,1,1.8853630482565198,0,0.6828941726376424,H
2012-11-17,Newcastle,Swansea,1.0,2.0,A,2012,9.0,15.0,10.0,27.0,8,15,1,1.289408994893391,1,1.147159702700213,D
2012-11-17,Norwich,Man United,1.0,0.0,H,2012,9.0,12.0,5.0,10.0,9,7,1,1.4043619004129047,1,1.5518818367979659,D
2012-11-17,QPR,Southampton,1.0,3.0,A,2012,15.0,21.0,7.0,13.0,10,12,1,1.0474024799359507,1,1.1716806117858525,D
2012-11-17,Reading,Everton,2.0,1.0,H,2012,11.0,21.0,4.0,12.0,11,3,1,1.046915543294371,1,1.3561130960352314,D
2012-11-17,West Brom,Chelsea,2.0,1.0,H,2012,12.0,19.0,6.0,8.0,17,2,1,1.378665990848211,1,1.4421828989867642,D
2012-11-18,Fulham,Sunderland,1.0,3.0,A,2012,9.0,12.0,13.0,18.0,4,14,1,1.4360131938884109,0,0.9543393657857544,H
2012-11-19,West Ham,Stoke,1.0,1.0,D,2012,6.0,12.0,11.0,16.0,18,13,1,1.3889960031553596,0,0.7329112716421916,H
2012-11-24,Aston Villa,Arsenal,0.0,0.0,D,2012,6.0,13.0,8.0,10.0,1,0,1,1.2489550406916483,1,1.4351091277305943,D
2012-11-24,Everton,Norwich,1.0,1.0,D,2012,4.0,8.0,9.0,14.0,3,9,1,1.7618470212065058,0,0.8592382142893352,H
2012-11-24,Man United,QPR,3.0,1.0,H,2012,6.0,10.0,10.0,15.0,7,10,2,2.236724852008451,0,0.5080120288390623,H
2012-11-24,Stoke,Fulham,1.0,0.0,H,2012,5.0,8.0,3.0,12.0,13,4,1,1.3094829685899987,1,1.0296598970674524,D
2012-11-24,Sunderland,West Brom,2.0,4.0,A,2012,6.0,11.0,12.0,19.0,14,17,1,1.3944633569028264,1,1.0481085236774048,D
2012-11-24,Wigan,Reading,3.0,2.0,H,2012,10.0,16.0,11.0,19.0,19,11,1,1.8260308506856573,1,1.1136658855129957,D
2012-11-25,Chelsea,Man City,0.0,0.0,D,2012,7.0,11.0,1.0,5.0,2,6,1,1.6075840380678696,0,0.7101649271267969,H
2012-11-25,Southampton,Newcastle,2.0,0.0,H,2012,3.0,8.0,10.0,17.0,12,8,2,2.1406972674577167,1,1.031038531771947,H
2012-11-25,Swansea,Liverpool,0.0,0.0,D,2012,14.0,21.0,8.0,17.0,15,5,1,1.1094655383184167,1,1.1285352124102648,D
2012-11-25,Tottenham,West Ham,3.0,1.0,H,2012,6.0,10.0,13.0,25.0,16,18,1,1.746757985989805,1,1.1108367629067244,D
2012-11-27,Aston Villa,Reading,1.0,0.0,H,2012,6.0,11.0,7.0,15.0,1,11,2,2.1195917467662073,0,0.9862596172096729,H
2012-11-27,Sunderland,QPR,0.0,0.0,D,2012,9.0,13.0,8.0,13.0,14,10,1,1.6009856207862934,0,0.47314863914402305,H
2012-11-28,Chelsea,Fulham,0.0,0.0,D,2012,7.0,8.0,13.0,17.0,2,4,2,2.3445801797620525,0,0.7951740962343755,H
2012-11-28,Everton,Arsenal,1.0,1.0,D,2012,9.0,12.0,10.0,14.0,3,0,1,1.2315867367082125,0,0.9883956272337799,H
2012-11-28,Man United,West Ham,1.0,0.0,H,2012,3.0,9.0,13.0,23.0,7,18,1,1.7726726035735072,0,0.8755743139797657,H
2012-11-28,Southampton,Norwich,1.0,1.0,D,2012,5.0,9.0,2.0,8.0,12,9,1,1.9310981437378476,1,1.2189043446998513,D
2012-11-28,Stoke,Newcastle,2.0,1.0,H,2012,6.0,7.0,5.0,11.0,13,8,1,1.689590435567758,0,0.793310636756025,H
2012-11-28,Swansea,West Brom,3.0,1.0,H,2012,2.0,6.0,8.0,13.0,15,17,1,1.2991119049923856,1,1.2214875340927207,D
2012-11-28,Tottenham,Liverpool,2.0,1.0,H,2012,9.0,14.0,7.0,14.0,16,5,1,1.6394708428847147,1,1.3190642810806341,D
2012-11-28,Wigan,Man City,0.0,2.0,A,2012,6.0,15.0,4.0,9.0,19,6,0,0.9067421522700456,1,1.3812877116930935,A
2012-12-01,Arsenal,Swansea,0.0,2.0,A,2012,10.0,12.0,8.0,10.0,0,15,1,1.7534874266423706,0,0.7233854698556192,H
2012-12-01,Fulham,Tottenham,0.0,3.0,A,2012,6.0,10.0,2.0,8.0,4,16,1,1.956104545376587,1,1.3138088259339946,D
2012-12-01,Liverpool,Southampton,1.0,0.0,H,2012,4.0,8.0,11.0,24.0,5,12,2,2.143622617599302,0,0.8715577580794724,H
2012-12-01,Man City,Everton,1.0,1.0,D,2012,5.0,8.0,6.0,9.0,6,3,1,1.2984967879005203,0,0.6733976630016196,H
2012-12-01,QPR,Aston Villa,1.0,1.0,D,2012,3.0,7.0,12.0,17.0,10,1,1,1.072041673374959,1,1.0840639329449164,D
2012-12-01,Reading,Man United,3.0,4.0,A,2012,5.0,10.0,7.0,10.0,11,7,1,1.1102035065745575,1,1.8410300257655865,D
2012-12-01,West Brom,Stoke,0.0,1.0,A,2012,4.0,6.0,11.0,14.0,17,13,1,1.7852154502386555,0,0.8054806400379024,H
2012-12-01,West Ham,Chelsea,3.0,1.0,H,2012,9.0,16.0,13.0,16.0,18,2,1,1.0726781188894532,1,1.3122501645567473,D
2012-12-02,Norwich,Sunderland,2.0,1.0,H,2012,6.0,16.0,5.0,7.0,9,14,1,1.3079846230503016,1,1.110793982389917,D
2012-12-03,Newcastle,Wigan,3.0,0.0,H,2012,4.0,9.0,8.0,16.0,8,19,1,1.8365854490650622,1,1.1070883729233834,D
2012-12-08,Arsenal,West Brom,2.0,0.0,H,2012,2.0,7.0,7.0,16.0,0,17,1,1.8490492899290518,1,1.1054334389112013,D
2012-12-08,Aston Villa,Stoke,0.0,0.0,D,2012,0.0,1.0,5.0,9.0,1,13,1,1.3086705713333087,0,0.9635318007277999,H
2012-12-08,Southampton,Reading,1.0,0.0,H,2012,2.0,6.0,9.0,18.0,12,11,2,2.290902297469447,0,0.9635919895483255,H
2012-12-08,Sunderland,Chelsea,1.0,3.0,A,2012,5.0,11.0,10.0,14.0,14,2,0,0.9684044799066178,1,1.1735233169927752,A
2012-12-08,Swansea,Norwich,3.0,4.0,A,2012,8.0,10.0,10.0,21.0,15,9,1,1.5949515035484472,0,0.9890333057003291,H
2012-12-08,Wigan,QPR,2.0,2.0,D,2012,4.0,8.0,9.0,14.0,19,10,1,1.4394125812498126,0,0.7854179550326356,H
2012-12-09,Everton,Tottenham,2.0,1.0,H,2012,6.0,8.0,11.0,17.0,3,16,1,1.5906414320495195,1,1.0261687152225132,D
2012-12-09,Man City,Man United,2.0,3.0,A,2012,3.0,8.0,11.0,16.0,6,7,1,1.3769932984915194,0,0.9141902106033118,H
2012-12-09,West Ham,Liverpool,2.0,3.0,A,2012,8.0,16.0,6.0,9.0,18,5,1,1.3191281636549708,1,1.0828224240568929,D
2012-12-10,Fulham,Newcastle,2.0,1.0,H,2012,13.0,20.0,7.0,16.0,4,8,2,2.4018112602612143,0,0.9305340290096636,H
2012-12-11,Sunderland,Reading,3.0,0.0,H,2012,5.0,12.0,11.0,16.0,14,11,2,2.0310015162723736,0,0.6708905682831028,H
2012-12-15,Liverpool,Aston Villa,1.0,3.0,A,2012,6.0,9.0,17.0,26.0,5,1,2,2.194049395602055,0,0.8063838570924241,H
2012-12-15,Man United,Sunderland,3.0,1.0,H,2012,10.0,13.0,6.0,15.0,7,14,1,1.5852713833649827,0,0.7904608784478725,H
2012-12-15,Newcastle,Man City,1.0,3.0,A,2012,10.0,16.0,8.0,17.0,8,6,0,0.9833663966372624,1,1.3917504318306992,A
2012-12-15,Norwich,Wigan,2.0,1.0,H,2012,6.0,12.0,10.0,16.0,9,19,2,2.1712301861605763,0,0.9986915639150866,H
2012-12-15,QPR,Fulham,2.0,1.0,H,2012,3.0,6.0,9.0,19.0,10,4,0,0.9453028374938489,1,1.314597691881528,A
2012-12-15,Stoke,Everton,1.0,1.0,D,2012,5.0,9.0,8.0,14.0,13,3,1,1.0227899439847965,0,0.8372863797420512,H
2012-12-16,Tottenham,Swansea,1.0,0.0,H,2012,0.0,4.0,16.0,24.0,16,15,1,1.8204996968595817,0,0.9342800351767413,H
2012-12-16,West Brom,West Ham,0.0,0.0,D,2012,2.0,10.0,10.0,19.0,17,18,1,1.8063656811510467,1,1.0021788439276098,D
2012-12-17,Reading,Arsenal,2.0,5.0,A,2012,17.0,25.0,5.0,7.0,11,0,1,1.0905674697864896,1,1.7473388032960946,D
2012-12-22,Liverpool,Fulham,4.0,0.0,H,2012,6.0,7.0,12.0,22.0,5,4,1,1.9346646411000727,0,0.9778670105041574,H
2012-12-22,Man City,Reading,1.0,0.0,H,2012,1.0,6.0,10.0,17.0,6,11,2,2.2955522676723294,0,0.5962922168703105,H
2012-12-22,Newcastle,QPR,1.0,0.0,H,2012,4.0,5.0,8.0,18.0,8,10,1,1.5610501395069303,0,0.7913671922443997,H
2012-12-22,Southampton,Sunderland,0.0,1.0,A,2012,6.0,10.0,7.0,13.0,12,14,1,1.2798963728131671,1,1.0574150195873135,D
2012-12-22,Tottenham,Stoke,0.0,0.0,D,2012,2.0,4.0,14.0,21.0,16,13,1,1.7263056849207288,0,0.8928122083051784,H
2012-12-22,West Brom,Norwich,2.0,1.0,H,2012,4.0,10.0,8.0,12.0,17,9,2,2.4373073540114807,1,1.0429338151133263,H
2012-12-22,West Ham,Everton,1.0,2.0,A,2012,8.0,15.0,5.0,6.0,18,3,1,1.2725550344639387,0,0.8472060789408102,H
2012-12-22,Wigan,Arsenal,0.0,1.0,A,2012,8.0,10.0,5.0,13.0,19,0,1,1.0759762765173029,1,1.6204983451148445,D
2012-12-23,Chelsea,Aston Villa,8.0,0.0,H,2012,4.0,7.0,18.0,24.0,2,1,2,2.6589232144246346,0,0.6557287932751383,H
2012-12-23,Swansea,Man United,1.0,1.0,D,2012,16.0,19.0,10.0,14.0,15,7,1,1.134996035776242,1,1.198703844900863,D
2012-12-26,Aston Villa,Tottenham,0.0,4.0,A,2012,16.0,20.0,1.0,4.0,1,16,1,1.6130732617347958,1,1.489954072266534,D
2012-12-26,Everton,Wigan,2.0,1.0,H,2012,6.0,10.0,9.0,17.0,3,19,1,1.9383932478489316,0,0.6701735705245221,H
2012-12-26,Fulham,Southampton,1.0,1.0,D,2012,3.0,7.0,2.0,10.0,4,12,2,2.062528340587241,1,1.0764631282288613,H
2012-12-26,Man United,Newcastle,4.0,3.0,H,2012,11.0,16.0,10.0,16.0,7,8,2,2.651453813475032,0,0.7707433774263329,H
2012-12-26,Norwich,Chelsea,0.0,1.0,A,2012,11.0,20.0,4.0,8.0,9,2,1,1.1163000393598137,1,1.7706032669635798,D
2012-12-26,QPR,West Brom,1.0,2.0,A,2012,6.0,12.0,8.0,18.0,10,17,0,0.8961912959853717,1,1.4788195933587958,A
2012-12-26,Reading,Swansea,0.0,0.0,D,2012,4.0,10.0,2.0,3.0,11,15,1,1.2050608589724818,1,1.2276517742283681,D
2012-12-26,Stoke,Liverpool,3.0,1.0,H,2012,6.0,12.0,6.0,7.0,13,5,1,1.0602221389833872,1,1.0701439589238944,D
2012-12-26,Sunderland,Man City,1.0,0.0,H,2012,12.0,19.0,6.0,12.0,14,6,1,1.0085233146181714,0,0.8321103392992748,H
2012-12-29,Arsenal,Newcastle,7.0,3.0,H,2012,8.0,10.0,12.0,16.0,0,8,2,2.5165195942449197,0,0.757111331388216,H
2012-12-29,Aston Villa,Wigan,0.0,3.0,A,2012,6.0,9.0,4.0,11.0,1,19,1,1.9657292057353115,0,0.9730640056707394,H
2012-12-29,Fulham,Swansea,1.0,2.0,A,2012,9.0,10.0,13.0,22.0,4,15,1,1.6735597273582037,0,0.8890829761556451,H
2012-12-29,Man United,West Brom,2.0,0.0,H,2012,9.0,13.0,14.0,17.0,7,17,1,1.9481941655839667,1,1.1253371425100904,D
2012-12-29,Norwich,Man City,3.0,4.0,A,2012,9.0,13.0,8.0,13.0,9,6,1,1.1625458567809555,1,1.2554819012995713,D
2012-12-29,Reading,West Ham,1.0,0.0,H,2012,3.0,11.0,2.0,3.0,11,18,1,1.156248299653672,1,1.4596487899932027,D
2012-12-29,Stoke,Southampton,3.0,3.0,D,2012,7.0,8.0,8.0,10.0,13,12,1,1.4509167372979348,0,0.9177199576553605,H
2012-12-29,Sunderland,Tottenham,1.0,2.0,A,2012,14.0,18.0,6.0,9.0,14,16,1,1.5456534237973496,1,1.0135223188866607,D
2012-12-30,Everton,Chelsea,1.0,2.0,A,2012,10.0,15.0,6.0,12.0,3,2,0,0.9965909983477591,1,1.1881661528726573,A
2012-12-30,QPR,Liverpool,0.0,3.0,A,2012,11.0,16.0,7.0,14.0,10,5,0,0.7653639034602778,1,1.3662849086276039,A
2013-01-01,Man City,Stoke,3.0,0.0,H,2013,3.0,4.0,9.0,17.0,6,13,1,1.4173114715338513,0,0.5825509870378044,H
2013-01-01,Southampton,Arsenal,1.0,1.0,D,2013,4.0,6.0,6.0,9.0,12,0,1,1.3498986191665616,1,1.4021253993155207,D
2013-01-01,Swansea,Aston Villa,2.0,2.0,D,2013,6.0,8.0,13.0,23.0,15,1,1,1.5540232389760908,0,0.8954240166944205,H
2013-01-01,Tottenham,Reading,3.0,1.0,H,2013,4.0,7.0,20.0,30.0,16,11,2,2.796015561368977,0,0.913871888959007,H
2013-01-01,West Brom,Fulham,1.0,2.0,A,2013,5.0,10.0,10.0,17.0,17,4,2,2.0940141838433,1,1.1450185976670437,H
2013-01-01,West Ham,Norwich,2.0,1.0,H,2013,3.0,9.0,8.0,14.0,18,9,1,1.8963594409462095,0,0.9489712237371489,H
2013-01-01,Wigan,Man United,0.0,4.0,A,2013,9.0,14.0,3.0,7.0,19,7,1,1.095349593926925,1,1.7073884609167715,D
2013-01-02,Chelsea,QPR,0.0,1.0,A,2013,5.0,8.0,11.0,23.0,2,10,2,2.551967705502811,0,0.4038089096703418,H
2013-01-02,Liverpool,Sunderland,3.0,0.0,H,2013,5.0,6.0,16.0,27.0,5,14,1,1.4924742128458546,0,0.7726803234400994,H
2013-01-02,Newcastle,Everton,1.0,2.0,A,2013,6.0,7.0,11.0,14.0,8,3,1,1.1201943108238392,1,1.2671983446229709,D
2013-01-12,Aston Villa,Southampton,0.0,1.0,A,2013,4.0,11.0,10.0,16.0,1,12,1,1.7008341019579833,1,1.220786913506351,D
2013-01-12,Everton,Swansea,0.0,0.0,D,2013,2.0,4.0,8.0,16.0,3,15,1,1.3608850547571143,0,0.6944306640041424,H
2013-01-12,Fulham,Wigan,1.0,1.0,D,2013,6.0,15.0,5.0,14.0,4,19,2,2.383755236375949,0,0.8580265007123057,H
2013-01-12,Norwich,Newcastle,0.0,0.0,D,2013,4.0,9.0,3.0,12.0,9,8,2,2.1876764149945926,1,1.0830859931906291,H
2013-01-12,QPR,Tottenham,0.0,0.0,D,2013,8.0,16.0,1.0,4.0,10,16,0,0.9933578664223746,1,1.430020488925394,A
2013-01-12,Reading,West Brom,3.0,2.0,H,2013,6.0,11.0,7.0,7.0,11,17,1,1.2707344756221128,1,1.876022368601852,D
2013-01-12,Stoke,Chelsea,0.0,4.0,A,2013,9.0,11.0,5.0,11.0,13,2,0,0.8621429827550228,1,1.296885394131352,A
2013-01-12,Sunderland,West Ham,3.0,0.0,H,2013,4.0,9.0,14.0,18.0,14,18,1,1.2688298903347919,0,0.8154861924740568,H
2013-01-13,Arsenal,Man City,0.0,2.0,A,2013,9.0,16.0,4.0,9.0,0,6,1,1.3372953183319634,0,0.877621518330749,H
2013-01-13,Man United,Liverpool,2.0,1.0,H,2013,5.0,12.0,10.0,15.0,7,5,1,1.6637937658504354,1,1.03970163895212,D
2013-01-16,Chelsea,Southampton,2.0,2.0,D,2013,3.0,7.0,10.0,19.0,2,12,2,2.5978120421197084,0,0.708726386259409,H
2013-01-19,Liverpool,Norwich,5.0,0.0,H,2013,3.0,5.0,10.0,17.0,5,9,2,2.251834010333547,0,0.8906847225158547,H
2013-01-19,Man City,Fulham,2.0,0.0,H,2013,0.0,3.0,11.0,20.0,6,4,1,1.6624717895640815,0,0.8281163830532181,H
2013-01-19,Newcastle,Reading,1.0,2.0,A,2013,2.0,6.0,10.0,15.0,8,11,1,1.980339585285374,1,1.1221014738327086,D
2013-01-19,Swansea,Stoke,3.0,1.0,H,2013,2.0,7.0,6.0,12.0,15,13,1,1.1682285624870967,0,0.7638520954541483,H
2013-01-19,West Brom,Aston Villa,2.0,2.0,D,2013,7.0,11.0,9.0,25.0,17,1,2,2.374763282917659,0,0.9442229907656586,H
2013-01-19,West Ham,QPR,1.0,1.0,D,2013,6.0,9.0,13.0,22.0,18,10,1,1.7733728826199835,0,0.5290814171188452,H
2013-01-19,Wigan,Sunderland,2.0,3.0,A,2013,5.0,10.0,11.0,20.0,19,14,1,1.0201789334355862,1,1.2221013114642427,D
2013-01-20,Chelsea,Arsenal,2.0,1.0,H,2013,8.0,12.0,8.0,13.0,2,0,1,1.9076231132946946,0,0.833150892044769,H
2013-01-20,Tottenham,Man United,1.0,1.0,D,2013,4.0,6.0,18.0,23.0,16,7,1,1.677197572324088,1,1.4010793885870663,D
2013-01-21,Southampton,Everton,0.0,0.0,D,2013,7.0,10.0,11.0,14.0,12,3,1,1.2958664965073305,1,1.0881922914483564,D
2013-01-23,Arsenal,West Ham,5.0,1.0,H,2013,5.0,7.0,17.0,23.0,0,18,1,1.682460135040891,0,0.8600881356906689,H
2013-01-29,Aston Villa,Newcastle,1.0,2.0,A,2013,7.0,10.0,4.0,10.0,1,8,1,1.9806188441298478,1,1.0552927781710522,D
2013-01-29,QPR,Man City,0.0,0.0,D,2013,7.0,15.0,3.0,5.0,10,6,0,0.6481560177863501,1,1.1740588362688946,A
2013-01-29,Stoke,Wigan,2.0,2.0,D,2013,6.0,11.0,4.0,9.0,13,19,1,1.6768886526401483,0,0.7314956018943765,H
2013-01-29,Sunderland,Swansea,0.0,0.0,D,2013,8.0,18.0,2.0,4.0,14,15,1,1.322395231192804,0,0.6858725728496472,H
2013-01-30,Arsenal,Liverpool,2.0,2.0,D,2013,5.0,10.0,6.0,14.0,0,5,1,1.5791222126014197,1,1.0213125602740414,D
2013-01-30,Everton,West Brom,2.0,1.0,H,2013,4.0,7.0,4.0,11.0,3,17,1,1.4350508055778133,1,1.0611864752394087,D
2013-01-30,Fulham,West Ham,3.0,1.0,H,2013,4.0,8.0,6.0,13.0,4,18,1,1.6057700112978062,1,1.057098533633313,D
2013-01-30,Man United,Southampton,2.0,1.0,H,2013,10.0,21.0,7.0,11.0,7,12,2,2.2769060685707707,0,0.891613633957079,H
2013-01-30,Norwich,Tottenham,1.0,1.0,D,2013,7.0,12.0,4.0,8.0,9,16,1,1.7817069350897592,1,1.5291949490700003,D
2013-01-30,Reading,Chelsea,2.0,2.0,D,2013,5.0,14.0,2.0,5.0,11,2,0,0.8824792368136746,2,2.1005038533890414,A
2013-02-02,Arsenal,Stoke,1.0,0.0,H,2013,2.0,6.0,9.0,15.0,0,13,1,1.66276067953843,0,0.6912781548152177,H
2013-02-02,Everton,Aston Villa,3.0,3.0,D,2013,4.0,8.0,13.0,22.0,3,1,1,1.7166360283584292,0,0.7779136745971382,H
2013-02-02,Fulham,Man United,0.0,1.0,A,2013,8.0,13.0,8.0,15.0,4,7,1,1.5418241028584154,1,1.3333002801453113,D
2013-02-02,Newcastle,Chelsea,3.0,2.0,H,2013,6.0,12.0,13.0,19.0,8,2,0,0.9442482985667952,1,1.962782465319997,A
2013-02-02,QPR,Norwich,0.0,0.0,D,2013,9.0,14.0,7.0,15.0,10,9,1,1.1002760035574288,1,1.1973939889942775,D
2013-02-02,Reading,Sunderland,2.0,1.0,H,2013,6.0,10.0,5.0,9.0,11,14,1,1.0340134652108524,1,1.3177582374693386,D
2013-02-02,West Ham,Swansea,1.0,0.0,H,2013,7.0,11.0,9.0,18.0,18,15,1,1.4647850753035192,0,0.7669522910659391,H
2013-02-02,Wigan,Southampton,2.0,2.0,D,2013,7.0,15.0,3.0,5.0,19,12,1,1.465270633749114,1,1.3784897154150593,D
2013-02-03,Man City,Liverpool,2.0,2.0,D,2013,12.0,21.0,5.0,9.0,6,5,1,1.3460193366463247,0,0.8606761777692622,H
2013-02-03,West Brom,Tottenham,0.0,1.0,A,2013,13.0,21.0,3.0,4.0,17,16,2,2.200464633572314,1,1.2455522058014217,H
2013-02-09,Chelsea,Wigan,4.0,1.0,H,2013,10.0,13.0,17.0,25.0,2,19,3,3.002406287789585,0,0.5649111476443922,H
2013-02-09,Norwich,Fulham,0.0,0.0,D,2013,5.0,7.0,8.0,15.0,9,4,1,1.695514454814491,1,1.4057673760988971,D
2013-02-09,Southampton,Man City,3.0,1.0,H,2013,4.0,7.0,7.0,13.0,12,6,1,1.137580824041307,1,1.1951499920785442,D
2013-02-09,Stoke,Reading,2.0,1.0,H,2013,4.0,5.0,10.0,13.0,13,11,1,1.8081429212180908,0,0.7414153314792593,H
2013-02-09,Sunderland,Arsenal,0.0,1.0,A,2013,9.0,18.0,7.0,12.0,14,0,1,1.1967538490706124,0,0.9762147424989422,H
2013-02-09,Swansea,QPR,4.0,1.0,H,2013,8.0,14.0,12.0,13.0,15,10,1,1.491512465630199,0,0.5514172926097144,H
2013-02-09,Tottenham,Newcastle,2.0,1.0,H,2013,7.0,9.0,9.0,16.0,16,8,2,2.6126923346331186,0,0.9778382768225534,H
2013-02-10,Aston Villa,West Ham,2.0,1.0,H,2013,7.0,13.0,2.0,7.0,1,18,1,1.3241749659251494,1,1.1988260650131035,D
2013-02-10,Man United,Everton,2.0,0.0,H,2013,8.0,9.0,6.0,10.0,7,3,1,1.6050518754570966,0,0.8134681451320582,H
2013-02-11,Liverpool,West Brom,0.0,2.0,A,2013,3.0,4.0,14.0,23.0,5,17,1,1.8341525522140731,1,1.1000239113177,D
2013-02-17,Liverpool,Swansea,5.0,0.0,H,2013,3.0,4.0,18.0,33.0,5,15,1,1.739360576469433,0,0.7198455247787126,H
2013-02-23,Arsenal,Aston Villa,2.0,1.0,H,2013,3.0,5.0,14.0,24.0,0,1,2,2.2118691665586945,0,0.8103493670063586,H
2013-02-23,Fulham,Stoke,1.0,0.0,H,2013,2.0,7.0,9.0,20.0,4,13,1,1.5869684990206794,0,0.8496212114367815,H
2013-02-23,Norwich,Everton,2.0,1.0,H,2013,5.0,11.0,9.0,10.0,9,3,1,1.3243052226424892,1,1.1431249099295762,D
2013-02-23,QPR,Man United,0.0,2.0,A,2013,8.0,13.0,5.0,12.0,10,7,0,0.7829760964637852,1,1.4512360404812445,A
2013-02-23,Reading,Wigan,0.0,3.0,A,2013,8.0,14.0,1.0,7.0,11,19,1,1.7164431515461034,1,1.1847687833244673,D
2013-02-23,West Brom,Sunderland,2.0,1.0,H,2013,6.0,10.0,7.0,17.0,17,14,1,1.6154025376421437,0,0.9047583473893446,H
2013-02-24,Man City,Chelsea,2.0,0.0,H,2013,1.0,4.0,11.0,15.0,6,2,1,1.0945452684613133,1,1.0430357100255667,D
2013-02-24,Newcastle,Southampton,4.0,2.0,H,2013,7.0,11.0,5.0,11.0,8,12,1,1.5890933266981686,1,1.3889312418131163,D
2013-02-25,West Ham,Tottenham,2.0,3.0,A,2013,16.0,25.0,6.0,8.0,18,16,1,1.7120827520891495,1,1.133334813618488,D
2013-03-02,Chelsea,West Brom,1.0,0.0,H,2013,4.0,8.0,19.0,25.0,2,17,2,2.2227716521122174,0,0.8945086705269685,H
2013-03-02,Everton,Reading,3.0,1.0,H,2013,6.0,12.0,12.0,18.0,3,11,2,2.0901161350914825,0,0.6792617189389791,H
2013-03-02,Man United,Norwich,4.0,0.0,H,2013,1.0,1.0,10.0,13.0,7,9,2,2.3918456921697384,0,0.9111807390738641,H
2013-03-02,Southampton,QPR,1.0,2.0,A,2013,3.0,5.0,9.0,17.0,12,10,1,1.8058586404240775,0,0.6795776540899016,H
2013-03-02,Stoke,West Ham,0.0,1.0,A,2013,7.0,10.0,2.0,10.0,13,18,1,1.129603186436571,0,0.9012110086108359,H
2013-03-02,Sunderland,Fulham,2.0,2.0,D,2013,4.0,7.0,6.0,12.0,14,4,1,1.4708803510662036,0,0.9317167910510475,H
2013-03-02,Swansea,Newcastle,1.0,0.0,H,2013,7.0,14.0,7.0,10.0,15,8,1,1.768065665872879,0,0.836596777931681,H
2013-03-02,Wigan,Liverpool,0.0,4.0,A,2013,7.0,8.0,11.0,15.0,19,5,1,1.0707108999212178,1,1.607442912279055,D
2013-03-03,Tottenham,Arsenal,2.0,1.0,H,2013,6.0,10.0,5.0,11.0,16,0,1,1.6475331792322054,1,1.329777541872783,D
2013-03-04,Aston Villa,Man City,0.0,1.0,A,2013,12.0,20.0,5.0,10.0,1,6,1,1.0525140808409412,1,1.2232648117467708,D
2013-03-09,Norwich,Southampton,0.0,0.0,D,2013,7.0,15.0,2.0,3.0,9,12,1,1.8786424564725848,1,1.2529387427256997,D
2013-03-09,QPR,Sunderland,3.0,1.0,H,2013,3.0,7.0,8.0,15.0,10,14,0,0.7292427216157551,1,1.0387545124698823,A
2013-03-09,Reading,Aston Villa,1.0,2.0,A,2013,7.0,18.0,4.0,10.0,11,1,1,1.5200775992399471,1,1.3752375180396545,D
2013-03-09,West Brom,Swansea,2.0,1.0,H,2013,4.0,9.0,6.0,12.0,17,15,1,1.8826238101265083,0,0.8428922383771472,H
2013-03-10,Liverpool,Tottenham,3.0,2.0,H,2013,9.0,15.0,4.0,10.0,5,16,2,2.0330144625620914,1,1.0637245669157847,H
2013-03-10,Newcastle,Stoke,2.0,1.0,H,2013,4.0,7.0,6.0,14.0,8,13,1,1.2226940119309848,1,1.0962432556452277,D
2013-03-16,Aston Villa,QPR,3.0,2.0,H,2013,11.0,18.0,6.0,10.0,1,10,1,1.670818993152792,0,0.695564102085492,H
2013-03-16,Everton,Man City,2.0,0.0,H,2013,11.0,17.0,5.0,11.0,3,6,1,1.037877537564917,0,0.8424931369445193,H
2013-03-16,Man United,Reading,1.0,0.0,H,2013,1.0,5.0,8.0,17.0,7,11,2,2.8374967938076536,0,0.7203243347356373,H
2013-03-16,Southampton,Liverpool,3.0,1.0,H,2013,6.0,8.0,12.0,17.0,12,5,1,1.3432927815179347,1,1.3908292730138174,D
2013-03-16,Stoke,West Brom,0.0,0.0,D,2013,5.0,9.0,5.0,13.0,13,17,1,1.2414510907453815,1,1.1582868581640366,D
2013-03-16,Swansea,Arsenal,0.0,2.0,A,2013,11.0,15.0,2.0,9.0,15,0,1,1.1149214964860739,1,1.1377010220050554,D
2013-03-17,Chelsea,West Ham,2.0,0.0,H,2013,9.0,15.0,14.0,24.0,2,18,2,2.02251217117164,0,0.6959770418655492,H
2013-03-17,Sunderland,Norwich,1.0,1.0,D,2013,3.0,7.0,8.0,16.0,14,9,1,1.7120168164022895,0,0.8486490520554654,H
2013-03-17,Tottenham,Fulham,0.0,1.0,A,2013,2.0,6.0,6.0,12.0,16,4,2,2.024914465864651,1,1.2691634434385752,H
2013-03-17,Wigan,Newcastle,2.0,1.0,H,2013,4.0,9.0,10.0,13.0,19,8,1,1.7063055271602687,1,1.1916168377676608,D
2013-03-30,Arsenal,Reading,4.0,1.0,H,2013,2.0,4.0,14.0,23.0,0,11,2,2.6930947255933937,0,0.7075840442821774,H
2013-03-30,Everton,Stoke,1.0,0.0,H,2013,5.0,10.0,9.0,15.0,3,13,1,1.2904718471546492,0,0.6636085020558988,H
2013-03-30,Man City,Newcastle,4.0,0.0,H,2013,1.0,5.0,11.0,19.0,6,8,2,2.14504235826236,0,0.6380296416507013,H
2013-03-30,Southampton,Chelsea,2.0,1.0,H,2013,4.0,7.0,8.0,13.0,12,2,1,1.0923281101087345,1,1.6855173127508387,D
2013-03-30,Sunderland,Man United,0.0,1.0,A,2013,6.0,10.0,4.0,9.0,14,7,1,1.2183018075946395,1,1.0285587712842788,D
2013-03-30,Swansea,Tottenham,1.0,2.0,A,2013,7.0,9.0,3.0,11.0,15,16,1,1.439963806798908,1,1.1811800496585279,D
2013-03-30,West Ham,West Brom,3.0,1.0,H,2013,11.0,17.0,8.0,14.0,18,17,1,1.5446131875464222,1,1.1720095909074053,D
2013-03-30,Wigan,Norwich,1.0,0.0,H,2013,5.0,9.0,6.0,13.0,19,9,1,1.5392383996743288,1,1.4087416677592872,D
2013-03-31,Aston Villa,Liverpool,1.0,2.0,A,2013,12.0,16.0,7.0,10.0,1,5,1,1.242843178576894,1,1.4235472703022318,D
2013-04-01,Fulham,QPR,3.0,2.0,H,2013,11.0,19.0,5.0,9.0,4,10,2,2.026130309476946,0,0.6133331713591903,H
2013-04-06,Norwich,Swansea,2.0,2.0,D,2013,9.0,16.0,9.0,12.0,9,15,1,1.5243525605871882,1,1.034839445133733,D
2013-04-06,Reading,Southampton,0.0,2.0,A,2013,4.0,12.0,3.0,8.0,11,12,1,1.485141004012201,1,1.4863875529096082,D
2013-04-06,Stoke,Aston Villa,1.0,3.0,A,2013,8.0,11.0,2.0,6.0,13,1,1,1.4850482376896132,0,0.8490941103152295,H
2013-04-06,West Brom,Arsenal,1.0,2.0,A,2013,6.0,11.0,5.0,16.0,17,0,1,1.703754851784088,1,1.1997036505235539,D
2013-04-07,Chelsea,Sunderland,2.0,1.0,H,2013,3.0,7.0,7.0,14.0,2,14,1,1.8086987190992756,0,0.6283220225956828,H
2013-04-07,Liverpool,West Ham,0.0,0.0,D,2013,4.0,10.0,12.0,19.0,5,18,1,1.6689055113301443,0,0.8558792251049313,H
2013-04-07,Newcastle,Fulham,1.0,0.0,H,2013,3.0,5.0,10.0,20.0,8,4,1,1.4341902559388418,1,1.558347715497902,D
2013-04-07,QPR,Wigan,1.0,1.0,D,2013,10.0,16.0,2.0,6.0,10,19,1,1.2105293764979757,0,0.933922387975494,H
2013-04-07,Tottenham,Everton,2.0,2.0,D,2013,5.0,9.0,10.0,19.0,16,3,1,1.5815876974297356,1,1.0320429764081862,D
2013-04-08,Man United,Man City,1.0,2.0,A,2013,5.0,9.0,7.0,16.0,7,6,1,1.409000263555468,0,0.8934233911147561,H
2013-04-13,Arsenal,Norwich,3.0,1.0,H,2013,5.0,5.0,7.0,10.0,0,9,2,2.2701231000764444,0,0.895064794197922,H
2013-04-13,Aston Villa,Fulham,1.0,1.0,D,2013,3.0,8.0,7.0,15.0,1,4,1,1.5350386632514965,1,1.3696937908092144,D
2013-04-13,Everton,QPR,2.0,0.0,H,2013,5.0,8.0,10.0,14.0,3,10,1,1.6475841358289403,0,0.47905243139889664,H
2013-04-13,Reading,Liverpool,0.0,0.0,D,2013,15.0,26.0,5.0,7.0,11,5,1,1.0852306900105897,1,1.7332614890818772,D
2013-04-13,Southampton,West Ham,1.0,1.0,D,2013,4.0,6.0,11.0,15.0,12,18,1,1.43119800136873,1,1.1712729315396702,D
2013-04-14,Newcastle,Sunderland,0.0,3.0,A,2013,7.0,8.0,9.0,15.0,8,14,1,1.1063891528437761,1,1.2313582561929974,D
2013-04-14,Stoke,Man United,0.0,2.0,A,2013,3.0,9.0,4.0,13.0,13,7,1,1.0846194705715968,1,1.1366820140417229,D
2013-04-16,Arsenal,Everton,0.0,0.0,D,2013,5.0,10.0,6.0,10.0,0,3,1,1.5233697354409437,0,0.7990804312317313,H
2013-04-17,Fulham,Chelsea,0.0,3.0,A,2013,10.0,13.0,7.0,11.0,4,2,1,1.2255660782314848,1,1.5212149378200899,D
2013-04-17,Man City,Wigan,1.0,0.0,H,2013,6.0,8.0,4.0,10.0,6,19,2,2.12891663818747,0,0.5883141547858347,H
2013-04-17,West Ham,Man United,2.0,2.0,D,2013,9.0,15.0,4.0,10.0,18,7,1,1.349483318516098,1,1.1501487847151062,D
2013-04-20,Fulham,Arsenal,0.0,1.0,A,2013,7.0,10.0,5.0,7.0,4,0,1,1.5145540441483059,1,1.2654477566027997,D
2013-04-20,Norwich,Reading,2.0,1.0,H,2013,6.0,14.0,9.0,19.0,9,11,2,2.341177802867368,1,1.012234707889002,H
2013-04-20,QPR,Stoke,0.0,2.0,A,2013,4.0,11.0,11.0,25.0,10,13,0,0.8059015281124496,0,0.9247736171329785,D
2013-04-20,Sunderland,Everton,1.0,0.0,H,2013,5.0,8.0,4.0,8.0,14,3,1,1.1488516215642135,0,0.757642189567482,H
2013-04-20,Swansea,Southampton,0.0,0.0,D,2013,5.0,9.0,7.0,14.0,15,12,1,1.5183064565554005,0,0.9677943595431595,H
2013-04-20,West Brom,Newcastle,1.0,1.0,D,2013,6.0,10.0,4.0,8.0,17,8,2,2.7018498306812475,0,0.8821897748953772,H
2013-04-20,West Ham,Wigan,2.0,0.0,H,2013,10.0,18.0,11.0,17.0,18,19,2,2.0863845110158725,0,0.7401619513198179,H
2013-04-21,Liverpool,Chelsea,2.0,2.0,D,2013,6.0,9.0,12.0,23.0,5,2,1,1.2737527591555355,1,1.2316508071622538,D
2013-04-21,Tottenham,Man City,3.0,1.0,H,2013,7.0,11.0,8.0,11.0,16,6,1,1.3884021548399792,1,1.1334817979984728,D
2013-04-22,Man United,Aston Villa,3.0,0.0,H,2013,5.0,8.0,5.0,10.0,7,1,2,2.3304682188813164,0,0.8249399819133296,H
2013-04-27,Everton,Fulham,1.0,0.0,H,2013,2.0,6.0,10.0,17.0,3,4,1,1.5136920036352188,0,0.9433424450626371,H
2013-04-27,Man City,West Ham,2.0,1.0,H,2013,6.0,9.0,10.0,16.0,6,18,1,1.4341029825493508,0,0.724809816274371,H
2013-04-27,Newcastle,Liverpool,0.0,6.0,A,2013,10.0,11.0,1.0,5.0,8,5,1,1.1611913230898234,1,1.61961867058486,D
2013-04-27,Southampton,West Brom,0.0,3.0,A,2013,9.0,11.0,4.0,16.0,12,17,1,1.5729083816386595,1,1.5053855656034352,D
2013-04-27,Stoke,Norwich,1.0,0.0,H,2013,0.0,5.0,4.0,12.0,13,9,1,1.5241599096713776,0,0.937859984899581,H
2013-04-27,Wigan,Tottenham,2.0,2.0,D,2013,7.0,14.0,4.0,6.0,19,16,1,1.3896645638660199,1,1.6824282291501789,D
2013-04-28,Arsenal,Man United,1.0,1.0,D,2013,5.0,10.0,13.0,19.0,0,7,1,1.615460227836685,1,1.0848144385600054,D
2013-04-28,Chelsea,Swansea,2.0,0.0,H,2013,8.0,11.0,14.0,21.0,2,15,2,2.1078952116119165,0,0.5853582424251738,H
2013-04-28,Reading,QPR,0.0,0.0,D,2013,5.0,15.0,7.0,13.0,11,10,1,1.4589322933712507,0,0.84689458262713,H
2013-04-29,Aston Villa,Sunderland,6.0,1.0,H,2013,4.0,7.0,15.0,18.0,1,14,1,1.184187466889113,1,1.0822897489411316,D
2013-05-04,Fulham,Reading,2.0,4.0,A,2013,13.0,20.0,13.0,18.0,4,11,2,2.5703377202676254,0,0.8696621015849386,H
2013-05-04,Norwich,Aston Villa,1.0,2.0,A,2013,6.0,12.0,4.0,9.0,9,1,1,1.9228358164984198,1,1.1592456916292564,D
2013-05-04,QPR,Arsenal,0.0,1.0,A,2013,11.0,13.0,6.0,14.0,10,0,0,0.7691276917854595,1,1.3773816889380475,A
2013-05-04,Swansea,Man City,0.0,0.0,D,2013,8.0,12.0,1.0,7.0,15,6,0,0.9395619024316524,0,0.969758744903183,D
2013-05-04,Tottenham,Southampton,1.0,0.0,H,2013,6.0,10.0,4.0,7.0,16,12,2,2.243620085630619,1,1.1311857681234714,H
2013-05-04,West Brom,Wigan,2.0,3.0,A,2013,8.0,13.0,11.0,17.0,17,19,2,2.6815382159077057,0,0.8134492473351518,H
2013-05-04,West Ham,Newcastle,0.0,0.0,D,2013,6.0,11.0,3.0,9.0,18,8,2,2.1021880666787527,0,0.802709336028095,H
2013-05-05,Liverpool,Everton,0.0,0.0,D,2013,4.0,11.0,8.0,16.0,5,3,1,1.5110968125311002,0,0.7951700667629014,H
2013-05-05,Man United,Chelsea,0.0,1.0,A,2013,6.0,15.0,4.0,10.0,7,2,1,1.3529505442651224,1,1.2599929743726428,D
2013-05-06,Sunderland,Stoke,1.0,1.0,D,2013,7.0,11.0,7.0,14.0,14,13,1,1.2539735157650398,0,0.6554302600140719,H
2013-05-07,Man City,West Brom,1.0,0.0,H,2013,11.0,20.0,9.0,21.0,6,17,1,1.576101000160437,0,0.9315661668991284,H
2013-05-07,Wigan,Swansea,2.0,3.0,A,2013,6.0,10.0,11.0,14.0,19,15,1,1.1889378070921228,1,1.1385357348910536,D
2013-05-08,Chelsea,Tottenham,2.0,2.0,D,2013,6.0,13.0,8.0,15.0,2,16,2,2.4637683001134274,0,0.8649910591660822,H
2013-05-11,Aston Villa,Chelsea,1.0,2.0,A,2013,8.0,11.0,7.0,12.0,1,2,1,1.0106453031649119,1,1.7251675789180578,D
2013-05-12,Everton,West Ham,2.0,0.0,H,2013,2.0,7.0,13.0,23.0,3,18,1,1.305760633474313,0,0.8256615595126148,H
2013-05-12,Fulham,Liverpool,1.0,3.0,A,2013,14.0,20.0,8.0,10.0,4,5,1,1.5071424519119259,1,1.2552527642763143,D
2013-05-12,Man United,Swansea,2.0,1.0,H,2013,2.0,5.0,9.0,16.0,7,15,1,1.8475083344806822,0,0.7364102703302012,H
2013-05-12,Norwich,West Brom,4.0,0.0,H,2013,5.0,8.0,8.0,11.0,9,17,1,1.6074269920215034,1,1.5813783580467302,D
2013-05-12,QPR,Newcastle,1.0,2.0,A,2013,7.0,10.0,3.0,8.0,10,8,1,1.2196986682953552,1,1.0128434981247183,D
2013-05-12,Stoke,Tottenham,1.0,2.0,A,2013,15.0,23.0,3.0,6.0,13,16,1,1.3760513099099447,1,1.1200649130334588,D
2013-05-12,Sunderland,Southampton,1.0,1.0,D,2013,10.0,15.0,5.0,5.0,14,12,1,1.6297462213063842,0,0.8304247805177378,H
2013-05-14,Arsenal,Wigan,4.0,1.0,H,2013,5.0,10.0,12.0,19.0,0,19,2,2.497601230985817,0,0.6981169587231929,H
2013-05-14,Reading,Man City,0.0,2.0,A,2013,20.0,27.0,7.0,11.0,11,6,0,0.9190383806143307,1,1.4894045553538415,A
2013-05-19,Chelsea,Everton,2.0,1.0,H,2013,9.0,16.0,10.0,20.0,2,3,1,1.8312670636020432,0,0.6466100526950233,H
2013-05-19,Liverpool,QPR,1.0,0.0,H,2013,3.0,10.0,20.0,27.0,5,10,2,2.1057934924480346,0,0.4965848525300718,H
2013-05-19,Man City,Norwich,2.0,3.0,A,2013,7.0,12.0,5.0,12.0,6,9,1,1.9350177996905003,0,0.75428519719702,H
2013-05-19,Newcastle,Arsenal,0.0,1.0,A,2013,3.0,9.0,2.0,7.0,8,0,1,1.1669016503281324,1,1.6327729932745736,D
2013-05-19,Southampton,Stoke,1.0,1.0,D,2013,3.0,7.0,7.0,11.0,12,13,1,1.414440503965982,0,0.9413865362176722,H
2013-05-19,Swansea,Fulham,0.0,3.0,A,2013,6.0,8.0,11.0,19.0,15,4,1,1.370303612088849,1,1.0858421812854318,D
2013-05-19,Tottenham,Sunderland,1.0,0.0,H,2013,4.0,6.0,19.0,23.0,16,14,1,1.5620963754230346,1,1.0028537719754678,D
2013-05-19,West Brom,Man United,5.0,5.0,D,2013,8.0,12.0,8.0,15.0,17,7,1,1.734431535138701,1,1.2640310158900385,D
2013-05-19,West Ham,Reading,4.0,2.0,H,2013,7.0,17.0,12.0,21.0,18,11,2,2.249691044538288,0,0.7501992042945418,H
2013-05-19,Wigan,Aston Villa,2.0,2.0,D,2013,2.0,5.0,6.0,12.0,19,1,1,1.4997397965370907,1,1.2754081337398566,D
