Date,HomeTeam,AwayTeam,FTHG,FTAG,FTR,Year,AST,AS,HST,HS,Hg,Ag,PFTHG,BHT,PFTAG,BAT,PFTR,HT,AT
2013-08-17,Arsenal,Aston Villa,1.0,3.0,A,2013,4.0,9.0,4.0,16.0,0,1,1,2.5286012212743523,1,0.8014932357113569,D,1.8741307796158482,1.2505860276862746
2013-08-17,Liverpool,Stoke,1.0,0.0,H,2013,4.0,10.0,11.0,26.0,8,14,2,2.4685801144037893,0,1.0676828545849055,H,2.1811513993848837,0.854068445808779
2013-08-17,Norwich,Everton,2.0,2.0,D,2013,6.0,19.0,2.0,8.0,12,5,0,0.5313469711392015,1,1.1465523330091694,A,0.8537750795110073,1.2336994951871414
2013-08-17,Sunderland,Fulham,0.0,1.0,A,2013,1.0,5.0,3.0,20.0,15,6,1,1.9960159393761283,1,0.7946500128395599,D,1.3352333231474531,1.1989464453900887
2013-08-17,Swansea,Man United,1.0,4.0,A,2013,7.0,15.0,6.0,17.0,16,10,1,1.8222821861692249,1,1.2936676709132782,D,1.5678317862784175,1.5093337548714618
2013-08-17,West Brom,Southampton,0.0,1.0,A,2013,2.0,7.0,1.0,11.0,18,13,0,0.8874598432035649,1,1.008228477223279,A,0.8041161397572866,1.5910211214540972
2013-08-17,West Ham,Cardiff,2.0,0.0,H,2013,1.0,12.0,4.0,18.0,19,2,1,1.644581713897053,0,0.6303954308355993,H,1.6301597535930086,0.7850907951501022
2013-08-18,Chelsea,Hull,2.0,0.0,H,2013,2.0,7.0,5.0,22.0,3,7,1,2.3560613399596586,0,0.7345470626178587,H,1.7607732065697768,0.4909477639106843
2013-08-18,Crystal Palace,Tottenham,0.0,1.0,A,2013,2.0,17.0,3.0,5.0,4,17,1,0.913743435657318,1,1.1067557855137269,D,1.2892838770632,1.0590339467823153
2013-08-19,Man City,Newcastle,4.0,0.0,H,2013,1.0,5.0,11.0,20.0,9,11,2,3.2678657330675285,0,0.6037173730844322,H,2.745097059989034,0.8886589561552324
2013-08-21,Chelsea,Aston Villa,2.0,1.0,H,2013,3.0,7.0,3.0,15.0,3,1,2,2.4003910562931,0,0.6432486816217591,H,2.536495601928528,0.5380726514230078
2013-08-24,Aston Villa,Liverpool,0.0,1.0,A,2013,1.0,5.0,3.0,17.0,1,8,1,1.2798796795638077,1,1.9527973424371532,D,1.2395848550263862,1.9489114173613231
2013-08-24,Everton,West Brom,0.0,0.0,D,2013,2.0,7.0,8.0,22.0,5,18,1,1.638110627287439,0,0.5235471791899529,H,1.4803150855630014,0.7658299389373185
2013-08-24,Fulham,Arsenal,1.0,3.0,A,2013,7.0,18.0,7.0,16.0,6,0,2,0.967771440821982,2,2.4564508688949247,D,2.2313565339860233,2.0453173828285904
2013-08-24,Hull,Norwich,1.0,0.0,H,2013,4.0,13.0,1.0,6.0,7,12,1,1.5574574675346209,0,0.5773361875740827,H,1.4517387086230695,0.8615443271184208
2013-08-24,Newcastle,West Ham,0.0,0.0,D,2013,1.0,6.0,0.0,16.0,11,19,1,1.0727439435651502,0,0.7886429783172277,H,1.1030285703631624,0.8547182478682595
2013-08-24,Southampton,Sunderland,1.0,1.0,D,2013,3.0,8.0,6.0,17.0,13,15,2,1.4738308892555048,0,0.7268965636707307,H,2.023522121770887,0.6652794603982533
2013-08-24,Stoke,Crystal Palace,2.0,1.0,H,2013,5.0,14.0,5.0,14.0,14,4,1,1.4467245143094831,0,0.5754707863942599,H,1.4818202755070355,0.7893200300285725
2013-08-25,Cardiff,Man City,3.0,2.0,H,2013,5.0,16.0,6.0,9.0,2,9,0,0.7380842513298773,2,3.2755477943393743,A,0.9848131404840199,2.259341220213722
2013-08-25,Tottenham,Swansea,1.0,0.0,H,2013,5.0,7.0,5.0,19.0,17,16,1,1.6341727577828882,1,1.4978039579627511,D,1.0956470682977548,1.0086606016880695
2013-08-26,Man United,Chelsea,0.0,0.0,D,2013,4.0,8.0,3.0,13.0,10,3,1,1.4065439536654736,1,1.3543257487809013,D,1.678276037688988,1.3944049070307472
2013-08-31,Cardiff,Everton,0.0,0.0,D,2013,3.0,13.0,1.0,4.0,2,5,0,0.7368039055509825,1,1.7198899009615218,A,0.6483515974120174,1.3745788403875643
2013-08-31,Crystal Palace,Sunderland,3.0,1.0,H,2013,2.0,10.0,6.0,17.0,4,15,0,0.8225689177008276,0,0.7532542877073201,D,0.859868348558048,0.9404266209239435
2013-08-31,Man City,Hull,2.0,0.0,H,2013,2.0,7.0,6.0,12.0,9,7,2,3.573208725163606,1,0.7830111269879129,H,2.7047467016668763,1.039995100720671
2013-08-31,Newcastle,Fulham,1.0,0.0,H,2013,2.0,3.0,9.0,24.0,11,6,1,1.9448508017114376,0,0.8213013225859473,H,1.7597256317307384,0.9302739211977328
2013-08-31,Norwich,Southampton,1.0,0.0,H,2013,2.0,11.0,4.0,15.0,12,13,0,0.6244439412132405,1,1.0178581403082874,A,0.7683544739122543,1.1359064248186004
2013-08-31,West Ham,Stoke,0.0,1.0,A,2013,5.0,15.0,0.0,9.0,19,14,1,1.1106061653366726,1,1.0163955019787472,D,1.3162142390812992,1.7156031863481764
2013-09-01,Arsenal,Tottenham,1.0,0.0,H,2013,4.0,14.0,5.0,12.0,0,17,1,2.439585833475802,0,1.0641288711723838,H,1.6826882677027353,0.9010728902248801
2013-09-01,Liverpool,Man United,1.0,0.0,H,2013,4.0,10.0,5.0,10.0,8,10,1,2.2922057130976192,1,1.3452043640140772,D,1.9662837514895946,1.3121586015631046
2013-09-01,West Brom,Swansea,0.0,2.0,A,2013,4.0,12.0,1.0,10.0,18,16,1,0.9414260968271426,1,1.3304297388099813,D,1.3116272162030878,1.6990691738857355
2013-09-14,Aston Villa,Newcastle,1.0,2.0,A,2013,8.0,17.0,1.0,10.0,1,11,1,1.4150926053534336,1,0.9622840150203664,D,1.4753835639668536,1.4317056729173308
2013-09-14,Everton,Chelsea,1.0,0.0,H,2013,5.0,22.0,5.0,11.0,5,3,1,1.1250001830170089,0,1.0422712122351352,H,1.4734638819991173,0.8711256008756291
2013-09-14,Fulham,West Brom,1.0,1.0,D,2013,4.0,12.0,2.0,12.0,6,18,1,1.1309475911161102,1,1.1713449789830388,D,1.1829337912376887,1.4349282091300133
2013-09-14,Hull,Cardiff,1.0,1.0,D,2013,2.0,10.0,5.0,18.0,7,2,1,2.336269607999201,0,0.8005758589504737,H,1.5672092302938212,0.7954461693258077
2013-09-14,Man United,Crystal Palace,2.0,0.0,H,2013,0.0,4.0,7.0,19.0,10,4,1,1.8227698626216915,0,0.5343547153268267,H,1.3964907754022295,0.735926997238406
2013-09-14,Stoke,Man City,0.0,0.0,D,2013,3.0,10.0,3.0,11.0,14,9,1,1.1900237159692848,1,2.212017526710727,D,1.23769363105672,1.6952369048537832
2013-09-14,Sunderland,Arsenal,1.0,3.0,A,2013,6.0,14.0,2.0,17.0,15,0,0,1.0446280368866234,1,1.5226023219770042,A,0.7313553095058127,1.7283500332200499
2013-09-14,Tottenham,Norwich,2.0,0.0,H,2013,1.0,4.0,7.0,23.0,17,12,2,1.8107973016484928,0,0.5674922648439354,H,2.144369327109992,0.8947346769487776
2013-09-15,Southampton,West Ham,0.0,0.0,D,2013,1.0,6.0,5.0,15.0,13,19,1,1.3115324186784982,1,0.646638649248955,D,1.331003459790203,1.2995645004738252
2013-09-16,Swansea,Liverpool,2.0,2.0,D,2013,5.0,12.0,8.0,17.0,16,8,1,1.8179902444389917,2,1.5247067643920311,A,1.5036537936478087,2.0043139215380408
2013-09-21,Chelsea,Fulham,2.0,0.0,H,2013,1.0,4.0,10.0,26.0,3,6,2,3.3634686086214005,0,0.5384857379525747,H,2.715045634388543,0.4280599272856544
2013-09-21,Liverpool,Southampton,0.0,1.0,A,2013,7.0,12.0,5.0,10.0,8,13,2,2.0731295624347696,1,0.9551705513941182,H,2.0789132775699533,1.2871287837744287
2013-09-21,Newcastle,Hull,2.0,3.0,A,2013,5.0,12.0,2.0,15.0,11,7,1,1.3623399885929028,1,1.1203351017679175,D,1.1476502838873361,1.006641540646207
2013-09-21,Norwich,Aston Villa,0.0,1.0,A,2013,4.0,16.0,1.0,12.0,12,1,0,0.8484022795626012,1,0.9455790334083078,A,0.9491399009819506,1.2184664181299476
2013-09-21,West Brom,Sunderland,3.0,0.0,H,2013,0.0,7.0,4.0,13.0,18,15,1,1.0472270838330544,1,0.8463572444569173,D,1.6327802779380705,1.1193486310653096
2013-09-21,West Ham,Everton,2.0,3.0,A,2013,4.0,10.0,1.0,9.0,19,5,0,0.7936409195406758,1,1.024254824508611,A,0.8887093430009219,1.2234735451052627
2013-09-22,Arsenal,Stoke,3.0,1.0,H,2013,3.0,9.0,8.0,16.0,0,14,1,2.216117352469699,0,0.964385398121426,H,1.9106171642765535,0.9630104613707796
2013-09-22,Cardiff,Tottenham,0.0,1.0,A,2013,12.0,29.0,0.0,6.0,2,17,1,1.1350403379771776,1,1.883210915563721,D,1.3386485549501776,1.7474344589246968
2013-09-22,Crystal Palace,Swansea,0.0,2.0,A,2013,7.0,15.0,1.0,9.0,4,16,1,0.7394650668582858,1,1.1840767144316224,D,1.2230112273043348,1.256505217321462
2013-09-22,Man City,Man United,4.0,1.0,H,2013,3.0,14.0,5.0,18.0,9,10,2,2.9625969269717927,1,1.0394987598961845,H,2.782504039040422,1.0965214919432775
2013-09-28,Aston Villa,Man City,3.0,2.0,H,2013,7.0,20.0,4.0,8.0,1,9,1,0.9890194942223524,2,2.523923299137424,A,1.141181385543663,2.292037336541933
2013-09-28,Fulham,Cardiff,1.0,2.0,A,2013,4.0,22.0,5.0,9.0,6,2,1,1.7126851742297549,0,1.142886954906759,H,1.5363393424161256,0.9340321213872814
2013-09-28,Hull,West Ham,1.0,0.0,H,2013,5.0,18.0,2.0,9.0,7,19,1,1.391330582270544,0,0.8623322380252455,H,1.250676188953199,0.9528267268423898
2013-09-28,Man United,West Brom,1.0,2.0,A,2013,4.0,12.0,6.0,14.0,10,18,1,2.0480659763692395,0,0.6802964690524332,H,1.916173881979261,0.5831330052410674
2013-09-28,Southampton,Crystal Palace,2.0,0.0,H,2013,0.0,8.0,3.0,12.0,13,4,1,1.2942688422074746,0,0.4832840921914596,H,1.9843766279616653,0.8066335070139491
2013-09-28,Swansea,Arsenal,1.0,2.0,A,2013,4.0,10.0,3.0,10.0,16,0,1,1.6421011521682556,1,1.3687743404727164,D,1.3899387994228392,1.3429517992854991
2013-09-28,Tottenham,Chelsea,1.0,1.0,D,2013,5.0,11.0,4.0,12.0,17,3,1,1.231830376749339,1,1.6056102038636553,D,1.5194282075132877,1.1690260347640875
2013-09-29,Stoke,Norwich,0.0,1.0,A,2013,3.0,8.0,1.0,8.0,14,12,1,1.6410667203714957,0,0.5155094107597626,H,1.9939815933999216,0.8028377225586407
2013-09-29,Sunderland,Liverpool,1.0,3.0,A,2013,6.0,15.0,5.0,23.0,15,8,1,1.1565204601553956,1,1.6960590151007628,D,1.1024105290326733,1.9889086179875097
2013-09-30,Everton,Newcastle,3.0,2.0,H,2013,6.0,15.0,7.0,18.0,5,11,1,1.7158562856917805,0,0.6026701118959142,H,1.773028429434459,0.781281800099111
2013-10-05,Cardiff,Newcastle,1.0,2.0,A,2013,10.0,20.0,2.0,8.0,2,11,1,1.0560535684951002,1,1.248852246819556,D,1.3884240021154408,1.5339121762786234
2013-10-05,Fulham,Stoke,1.0,0.0,H,2013,3.0,16.0,2.0,9.0,6,14,1,1.1565972658621857,1,1.8426928613642768,D,1.933756760713477,1.7174473518356184
2013-10-05,Hull,Aston Villa,0.0,0.0,D,2013,4.0,18.0,1.0,6.0,7,1,1,1.8001768458045295,1,1.072757113675285,D,1.4327241907222703,1.16504822530639
2013-10-05,Liverpool,Crystal Palace,3.0,1.0,H,2013,2.0,11.0,7.0,13.0,8,4,2,2.148302537008773,0,0.5330961729787399,H,2.422541786399908,0.7222436844663392
2013-10-05,Man City,Everton,3.0,1.0,H,2013,4.0,6.0,6.0,12.0,9,5,1,2.2799754735657145,0,0.8314253472716537,H,1.7855259665846148,0.8850831784848086
2013-10-05,Sunderland,Man United,1.0,2.0,A,2013,6.0,13.0,2.0,6.0,15,10,0,1.159250792972083,1,1.4390548838889503,A,0.9273639279858625,1.9198437086085065
2013-10-06,Norwich,Chelsea,1.0,3.0,A,2013,8.0,22.0,3.0,14.0,12,3,0,0.4993257023591474,1,1.4398106579528522,A,0.5186276284949466,1.0035135240976747
2013-10-06,Southampton,Swansea,2.0,0.0,H,2013,7.0,17.0,4.0,12.0,13,16,1,1.324930268587551,0,1.1426437378306762,H,1.0745034644157876,0.9998937302542221
2013-10-06,Tottenham,West Ham,0.0,3.0,A,2013,5.0,16.0,4.0,14.0,17,19,1,1.6176478116379271,1,0.8476289644360661,D,1.4973426355949455,1.1903510904643106
2013-10-06,West Brom,Arsenal,1.0,1.0,D,2013,5.0,14.0,4.0,12.0,18,0,0,0.8842195905675927,1,1.5023649155252192,A,0.9870686594967517,1.369183867592353
2013-10-19,Arsenal,Norwich,4.0,1.0,H,2013,6.0,12.0,11.0,20.0,0,12,1,2.1876677636806603,0,0.4313474533733788,H,1.9121446647815736,0.9020313196918864
2013-10-19,Chelsea,Cardiff,4.0,1.0,H,2013,3.0,13.0,7.0,20.0,3,2,2,3.1152276428843715,0,0.4800428347138201,H,2.377717278540129,0.5743441797808487
2013-10-19,Everton,Hull,2.0,1.0,H,2013,1.0,9.0,6.0,14.0,5,7,2,1.8761825460330173,0,0.7816528471039291,H,2.1415215363651003,0.6824854697656203
2013-10-19,Man United,Southampton,1.0,1.0,D,2013,7.0,18.0,5.0,12.0,10,13,1,1.758987862565076,1,0.9574255339835784,D,1.3411985415043457,1.2507839324838175
2013-10-19,Newcastle,Liverpool,2.0,2.0,D,2013,7.0,23.0,4.0,14.0,11,8,0,1.1268746405060908,1,1.7529421629384885,A,0.9591638447800784,1.8687566336849353
2013-10-19,Stoke,West Brom,0.0,0.0,D,2013,5.0,12.0,3.0,9.0,14,18,1,1.6255410601725109,1,0.7326420686442247,D,1.070472615260679,1.0294913568296826
2013-10-19,Swansea,Sunderland,4.0,0.0,H,2013,1.0,6.0,6.0,14.0,16,15,1,1.9448254927717583,1,0.7710989967313145,D,1.866229334273978,1.3666814336791984
2013-10-19,West Ham,Man City,1.0,3.0,A,2013,9.0,16.0,2.0,11.0,19,9,0,0.7950200311246899,1,1.9507037220144143,A,0.8705656136373813,1.6366047043175502
2013-10-20,Aston Villa,Tottenham,0.0,2.0,A,2013,6.0,13.0,2.0,15.0,1,17,2,1.5209334421720844,1,1.4510793935582968,H,2.029247830499393,1.4444324747846196
2013-10-21,Crystal Palace,Fulham,1.0,4.0,A,2013,6.0,9.0,4.0,14.0,4,6,1,1.3270701767934605,1,0.6978349820022751,D,1.9123029697183427,1.1131199444240114
2013-10-26,Aston Villa,Everton,0.0,2.0,A,2013,4.0,15.0,3.0,14.0,1,5,1,0.9873038541278908,1,1.3252348814722232,D,1.5162674498719326,1.4222029166225798
2013-10-26,Crystal Palace,Arsenal,0.0,2.0,A,2013,4.0,10.0,4.0,13.0,4,0,0,0.6945308833695162,1,1.337098278217695,A,0.9809608402163449,1.6556947144182612
2013-10-26,Liverpool,West Brom,4.0,1.0,H,2013,3.0,15.0,7.0,18.0,8,18,2,2.4138348034057677,0,0.6786941964589694,H,2.325984755933276,0.6932414549381054
2013-10-26,Man United,Stoke,3.0,2.0,H,2013,5.0,10.0,5.0,19.0,10,14,1,2.094515720429025,1,1.0702034580987387,D,1.5554124344806006,1.158912231358544
2013-10-26,Norwich,Cardiff,0.0,0.0,D,2013,4.0,6.0,10.0,31.0,12,2,1,1.1010565243735897,0,0.7056655576795876,H,1.2577384687032698,0.5812911371203116
2013-10-26,Southampton,Fulham,2.0,0.0,H,2013,0.0,1.0,6.0,20.0,13,6,2,2.377766745958334,0,0.6734164792750249,H,2.306783784882757,0.7330912822025907
2013-10-27,Chelsea,Man City,2.0,1.0,H,2013,6.0,15.0,4.0,12.0,3,9,1,1.505956412307197,1,1.4854507164833943,D,1.3773806282993508,1.027352896074663
2013-10-27,Sunderland,Newcastle,2.0,1.0,H,2013,4.0,16.0,4.0,8.0,15,11,1,1.278701097640374,1,0.8357705345531397,D,1.8308426283165773,1.1629412430571886
2013-10-27,Swansea,West Ham,0.0,0.0,D,2013,4.0,15.0,5.0,10.0,16,19,1,1.7306610283700972,0,0.6859606147614522,H,1.3226448169492526,0.7757902980108059
2013-10-27,Tottenham,Hull,1.0,0.0,H,2013,4.0,10.0,6.0,15.0,17,7,1,2.0543451347113635,1,1.2041297624423044,D,1.7052073245179473,1.0572129920910671
2013-11-02,Arsenal,Liverpool,2.0,0.0,H,2013,4.0,12.0,7.0,12.0,0,8,1,2.0529342364635417,0,1.4320567440079182,H,1.837412775591954,0.90985759158422
2013-11-02,Fulham,Man United,1.0,3.0,A,2013,4.0,10.0,6.0,15.0,6,10,1,1.073961037396874,2,2.3216617818673515,A,1.185854953586882,2.2452347979282954
2013-11-02,Hull,Sunderland,1.0,0.0,H,2013,1.0,9.0,2.0,25.0,7,15,1,1.5635038525256952,0,0.9693610817897684,H,1.2473903662351506,0.9835939087264803
2013-11-02,Man City,Norwich,7.0,0.0,H,2013,1.0,7.0,9.0,27.0,9,12,3,3.14959575605206,0,0.3690239803981791,H,3.296220923146872,0.6984887488868696
2013-11-02,Newcastle,Chelsea,2.0,0.0,H,2013,2.0,13.0,8.0,15.0,11,3,0,0.8168889214639533,1,1.4938767624983316,A,0.7944679435317538,1.5452804179500894
2013-11-02,Stoke,Southampton,1.0,1.0,D,2013,2.0,10.0,3.0,9.0,14,13,1,1.3961010181974316,1,1.0310949059717471,D,1.4778203226974849,1.0526335475282094
2013-11-02,West Brom,Crystal Palace,2.0,0.0,H,2013,4.0,12.0,4.0,9.0,18,4,1,0.9196396921804136,0,0.5627086617268825,H,1.0175834379172868,0.9225093542034811
2013-11-02,West Ham,Aston Villa,0.0,0.0,D,2013,2.0,8.0,4.0,17.0,19,1,1,1.2672073087174354,1,0.844718430235755,D,1.3526076714488013,1.1332134196131969
2013-11-03,Cardiff,Swansea,1.0,0.0,H,2013,3.0,10.0,3.0,9.0,2,16,1,0.9185539908205884,1,2.0147770833178105,D,1.161008501969983,1.5970307217553064
2013-11-03,Everton,Tottenham,0.0,0.0,D,2013,6.0,16.0,1.0,8.0,5,17,1,1.8441925263385908,0,0.9087984075752576,H,1.5780007256748654,0.9372772065505289
2013-11-09,Aston Villa,Cardiff,2.0,0.0,H,2013,2.0,8.0,6.0,17.0,1,2,1,2.045889803034021,1,0.8156388372052263,D,1.8743759097491737,1.119507933163456
2013-11-09,Chelsea,West Brom,2.0,2.0,D,2013,3.0,11.0,7.0,17.0,3,18,2,2.0570968041939564,0,0.49199595963950105,H,2.190228537237448,0.6163237855166033
2013-11-09,Crystal Palace,Everton,0.0,0.0,D,2013,2.0,15.0,2.0,9.0,4,5,0,0.5931504894916094,1,1.010772655683127,A,0.6379159078287371,1.189213096001364
2013-11-09,Liverpool,Fulham,4.0,0.0,H,2013,1.0,4.0,10.0,32.0,8,6,3,3.946755238305067,1,0.7428255010307925,H,3.441622783403791,1.001743870616252
2013-11-09,Norwich,West Ham,3.0,1.0,H,2013,4.0,12.0,6.0,15.0,12,19,0,0.6557178203766675,0,0.7601005611746989,D,0.908726629445393,0.7743510562184227
2013-11-09,Southampton,Hull,4.0,1.0,H,2013,2.0,10.0,7.0,15.0,13,7,1,1.6655913752946525,1,0.918605752959598,D,1.7677319104275204,1.0460514533214391
2013-11-10,Man United,Arsenal,1.0,0.0,H,2013,2.0,10.0,2.0,5.0,10,0,1,1.7525655268369087,1,1.426663265301107,D,1.6572844548594408,1.1095022805937649
2013-11-10,Sunderland,Man City,1.0,0.0,H,2013,4.0,24.0,2.0,5.0,15,9,1,0.8936943830145928,2,2.1920978546511174,A,1.070784740184838,2.0740244739986657
2013-11-10,Swansea,Stoke,3.0,3.0,D,2013,3.0,6.0,6.0,17.0,16,14,1,1.9624981919840607,1,1.026778405359411,D,1.8417471215453813,1.1709648110908424
2013-11-10,Tottenham,Newcastle,0.0,1.0,A,2013,4.0,8.0,14.0,31.0,17,11,2,1.8787942675556624,1,0.9284083354356614,H,2.1291383769960515,1.0203260812409591
2013-11-23,Arsenal,Southampton,2.0,0.0,H,2013,4.0,10.0,4.0,9.0,0,13,1,1.861109700439769,0,0.8627585696673992,H,1.5915437482811512,0.7633696316446579
2013-11-23,Everton,Liverpool,3.0,3.0,D,2013,5.0,11.0,12.0,18.0,5,8,1,1.5519052144013188,1,1.2230199967020492,D,1.9561505433796362,1.4248318913238762
2013-11-23,Fulham,Swansea,1.0,2.0,A,2013,5.0,21.0,3.0,9.0,6,16,1,1.030383515444371,1,2.1753272151998457,D,1.1867225908590344,1.5660568130816195
2013-11-23,Hull,Crystal Palace,0.0,1.0,A,2013,2.0,9.0,2.0,15.0,7,4,1,1.373016630162747,0,0.6444889325831369,H,1.2000124297791246,0.5513526858644864
2013-11-23,Newcastle,Norwich,2.0,1.0,H,2013,2.0,10.0,5.0,21.0,11,12,1,1.2008311230617392,0,0.5280008219354181,H,1.4675734345457947,0.6362019813211358
2013-11-23,Stoke,Sunderland,2.0,0.0,H,2013,3.0,11.0,5.0,17.0,14,15,1,1.647437694471426,0,0.8655524646508793,H,1.3254494219735198,0.9281460316617619
2013-11-23,West Ham,Chelsea,0.0,3.0,A,2013,8.0,20.0,1.0,8.0,19,3,1,0.7458126819109868,1,1.2862326213376012,D,1.213184139425015,1.06089653673465
2013-11-24,Cardiff,Man United,2.0,2.0,D,2013,5.0,16.0,4.0,14.0,2,10,1,0.9574019596589493,2,2.1503114201103783,A,1.1644665146459328,2.0403776859547382
2013-11-24,Man City,Tottenham,6.0,0.0,H,2013,5.0,13.0,10.0,15.0,9,17,2,3.5122834075648637,1,0.9103776285813341,H,2.552936690759622,1.1056590960058188
2013-11-25,West Brom,Aston Villa,2.0,2.0,D,2013,7.0,15.0,4.0,11.0,18,1,1,1.2057494745345898,1,0.9366331821630528,D,1.1751483117404244,1.2435805566895128
2013-11-30,Aston Villa,Sunderland,0.0,0.0,D,2013,1.0,7.0,4.0,13.0,1,15,1,1.3691727093202086,1,0.987599784259694,D,1.2376986153013796,1.2209045254434179
2013-11-30,Cardiff,Arsenal,0.0,3.0,A,2013,6.0,15.0,4.0,10.0,2,0,1,0.8627373262914121,2,2.2751523919544847,A,1.0558750037352758,2.134021957899995
2013-11-30,Everton,Stoke,4.0,0.0,H,2013,3.0,4.0,12.0,22.0,5,14,2,1.675262662552439,1,0.8236144491935365,H,2.080519045188742,1.1800276802903384
2013-11-30,Newcastle,West Brom,2.0,1.0,H,2013,1.0,14.0,6.0,14.0,11,18,1,1.1894704052179204,0,0.7503948644865545,H,1.2527640478046635,0.7308039294776312
2013-11-30,Norwich,Crystal Palace,1.0,0.0,H,2013,3.0,13.0,3.0,10.0,12,4,1,0.6470866690804674,0,0.5680831328411771,H,1.1458650864972124,0.5556498427762664
2013-11-30,West Ham,Fulham,3.0,0.0,H,2013,0.0,10.0,12.0,23.0,19,6,1,1.7756323463680928,0,0.7071430385536515,H,1.917551239580099,0.8244601722673394
2013-12-01,Chelsea,Southampton,3.0,1.0,H,2013,1.0,9.0,7.0,16.0,3,13,2,1.7667440172572957,0,0.6924179615862545,H,2.0127488145139245,0.7946945198202188
2013-12-01,Hull,Liverpool,3.0,1.0,H,2013,4.0,9.0,4.0,12.0,7,8,1,1.461537172151865,1,1.9167336552225285,D,1.5353202265110333,1.8163231847744488
2013-12-01,Man City,Swansea,3.0,0.0,H,2013,4.0,9.0,7.0,22.0,9,16,2,2.842385272986228,0,0.9739790525172444,H,2.5087339912607765,0.7598573675564583
2013-12-01,Tottenham,Man United,2.0,2.0,D,2013,3.0,8.0,4.0,10.0,17,10,1,1.7032860521621698,1,1.598561440152031,D,1.8230946087035493,1.332090040212067
2013-12-03,Crystal Palace,West Ham,1.0,0.0,H,2013,2.0,11.0,5.0,10.0,4,19,1,0.7319875095757304,1,0.6700861711112502,D,1.2661126947413701,1.154730917002609
2013-12-04,Arsenal,Hull,2.0,0.0,H,2013,2.0,7.0,7.0,20.0,0,7,1,2.481903757306714,0,0.915251781807842,H,1.773106549025881,0.8585274983969766
2013-12-04,Fulham,Tottenham,1.0,2.0,A,2013,5.0,18.0,6.0,16.0,6,17,1,1.2732260327684133,1,2.03327702628082,D,1.1658519670479142,1.6146662748640386
2013-12-04,Liverpool,Norwich,5.0,1.0,H,2013,5.0,14.0,12.0,28.0,8,12,2,2.4368895141432394,0,0.4775500346985049,H,2.7923018057979845,0.7320957138624319
2013-12-04,Man United,Everton,0.0,1.0,A,2013,4.0,15.0,6.0,18.0,10,5,1,1.4967442413303909,1,1.078478852995114,D,1.1454776291599431,1.2192599502702932
2013-12-04,Southampton,Aston Villa,2.0,3.0,A,2013,3.0,6.0,9.0,21.0,13,1,1,1.696929775506042,1,0.8044303348182208,D,1.7454586031945594,1.0803683345574873
2013-12-04,Stoke,Cardiff,0.0,0.0,D,2013,3.0,14.0,2.0,17.0,14,2,1,2.4616879647903596,0,0.7148424058609562,H,1.761018555426573,0.9039354053054512
2013-12-04,Sunderland,Chelsea,3.0,4.0,A,2013,5.0,19.0,3.0,12.0,15,3,0,0.8383796363746723,1,1.4454003127162764,A,0.6528379603470901,1.3548321741726592
2013-12-04,Swansea,Newcastle,3.0,0.0,H,2013,3.0,14.0,5.0,13.0,16,11,1,2.0100518764287805,1,0.7513329289647446,D,1.6865089273009854,1.00971836085224
2013-12-04,West Brom,Man City,2.0,3.0,A,2013,5.0,15.0,1.0,12.0,18,9,1,0.7564626388899858,1,2.1629619636660977,D,1.0754667690718385,1.9782533993733835
2013-12-07,Crystal Palace,Cardiff,2.0,0.0,H,2013,2.0,10.0,5.0,19.0,4,2,1,1.2291256972631328,0,0.6220975957442032,H,1.416949757620903,0.7545019890020853
2013-12-07,Liverpool,West Ham,4.0,1.0,H,2013,1.0,8.0,9.0,32.0,8,19,1,2.176957623124645,0,0.7132876806509779,H,1.911163166008148,0.9759405200252053
2013-12-07,Man United,Newcastle,0.0,1.0,A,2013,3.0,9.0,4.0,8.0,10,11,1,2.1452683478916224,1,0.7831086966423546,D,1.7361024898681405,1.1602183153995993
2013-12-07,Southampton,Man City,1.0,1.0,D,2013,3.0,13.0,4.0,15.0,13,9,1,1.0646191461006245,1,1.8576666402238324,D,1.156304257082205,1.7344077823090032
2013-12-07,Stoke,Chelsea,3.0,2.0,H,2013,6.0,15.0,3.0,9.0,14,3,1,1.1163678201782703,1,1.4585347173520349,D,1.3063993949749815,1.2544761266528004
2013-12-07,Sunderland,Tottenham,1.0,2.0,A,2013,5.0,22.0,4.0,11.0,15,17,1,1.3743406294301552,1,1.2603029682537081,D,1.3211865537946548,1.2991679148713529
2013-12-07,West Brom,Norwich,0.0,2.0,A,2013,3.0,8.0,12.0,26.0,18,12,1,1.0431772453170147,0,0.504077040041964,H,1.444499000628425,0.7078310484400081
2013-12-08,Arsenal,Everton,1.0,1.0,D,2013,4.0,12.0,5.0,11.0,0,5,1,1.5836409596113952,0,0.971842550255779,H,1.2893078047937294,0.8512619437751745
2013-12-08,Fulham,Aston Villa,2.0,0.0,H,2013,2.0,10.0,10.0,22.0,6,1,1,1.319683389384808,1,1.531447766374326,D,1.2458457239939211,1.4531957648638063
2013-12-09,Swansea,Hull,1.0,1.0,D,2013,2.0,9.0,2.0,11.0,16,7,1,2.1978671982171,0,0.9744659830578336,H,1.801196263442023,0.9301956399586276
2013-12-14,Cardiff,West Brom,1.0,0.0,H,2013,2.0,12.0,3.0,11.0,2,18,1,1.0082036519971087,1,1.0848938053200412,D,1.1805727939545163,1.2524384191960454
2013-12-14,Chelsea,Crystal Palace,2.0,1.0,H,2013,5.0,10.0,7.0,16.0,3,4,1,1.8308072603341423,0,0.3864496920310366,H,1.913647009997715,0.742814956743895
2013-12-14,Everton,Fulham,4.0,1.0,H,2013,3.0,16.0,7.0,22.0,5,6,2,2.678402718383164,1,0.5730183015032546,H,2.4342622245840038,1.0886418331770646
2013-12-14,Hull,Stoke,0.0,0.0,D,2013,2.0,11.0,4.0,13.0,7,14,1,1.5777114682761355,1,1.2907798220419495,D,1.3774144140911055,1.230391706100615
2013-12-14,Man City,Arsenal,6.0,3.0,H,2013,6.0,12.0,7.0,22.0,9,0,2,2.6696654690003867,0,1.0998491045962664,H,2.5169115091193324,0.9123326387997399
2013-12-14,Newcastle,Southampton,1.0,1.0,D,2013,3.0,8.0,5.0,16.0,11,13,1,1.0215803737767266,1,1.0560795719405691,D,1.2217204521696654,1.2049636693262207
2013-12-14,West Ham,Sunderland,0.0,0.0,D,2013,6.0,19.0,2.0,11.0,19,15,1,1.1006049287579625,1,0.7633015534483251,D,1.7635739505811587,1.1427965687921804
2013-12-15,Aston Villa,Man United,0.0,3.0,A,2013,5.0,14.0,6.0,17.0,1,10,1,1.2829012408858225,1,1.6568896057620943,D,1.213324916776144,1.7566332801347297
2013-12-15,Norwich,Swansea,1.0,1.0,D,2013,2.0,10.0,3.0,16.0,12,16,1,0.6624162510177872,1,1.3431367694408751,D,1.490013452676424,1.0050435270333316
2013-12-15,Tottenham,Liverpool,0.0,5.0,A,2013,10.0,21.0,0.0,9.0,17,8,1,1.699274376834779,1,1.8840522151839856,D,1.4077537265317182,1.8386400921656019
2013-12-21,Crystal Palace,Newcastle,0.0,3.0,A,2013,6.0,13.0,4.0,9.0,4,11,1,0.8501565835401053,1,0.7339456446415188,D,1.0961365630962077,1.1962596992708356
2013-12-21,Fulham,Man City,2.0,4.0,A,2013,10.0,17.0,5.0,12.0,6,9,1,0.8279424543134429,2,3.536564079823967,A,1.0138349649455716,2.6560106845609845
2013-12-21,Liverpool,Cardiff,3.0,1.0,H,2013,3.0,10.0,7.0,27.0,8,2,2,3.6554647742367545,0,0.6622052063409348,H,2.957546092804181,0.3496105960260718
2013-12-21,Man United,West Ham,3.0,1.0,H,2013,1.0,4.0,8.0,21.0,10,19,1,1.847082838323692,0,0.7149716221196473,H,1.3964152404770405,0.9057525014461897
2013-12-21,Stoke,Aston Villa,2.0,1.0,H,2013,4.0,14.0,2.0,12.0,14,1,1,1.8968160441064976,1,0.9578758433328378,D,1.9909421221019878,1.1858660238193772
2013-12-21,Sunderland,Norwich,0.0,0.0,D,2013,5.0,14.0,4.0,18.0,15,12,1,1.2324225899595762,0,0.5108671426574629,H,1.540127618954908,0.8412290623295879
2013-12-21,West Brom,Hull,1.0,1.0,D,2013,3.0,6.0,3.0,14.0,18,7,1,1.1834820477187868,0,1.0695725811263217,H,1.2777238258801484,0.8702813610747221
2013-12-22,Southampton,Tottenham,2.0,3.0,A,2013,3.0,13.0,5.0,12.0,13,17,1,1.6371920593479166,1,1.068028407460216,D,1.711360711601013,1.1536987094689894
2013-12-22,Swansea,Everton,1.0,2.0,A,2013,6.0,14.0,3.0,13.0,16,5,1,1.40240430703083,1,1.0347180141423191,D,1.4091664447431815,1.074311850891184
2013-12-23,Arsenal,Chelsea,0.0,0.0,D,2013,4.0,13.0,2.0,7.0,0,3,0,1.4882038995109166,1,1.2204146478320066,A,0.9857267457016542,1.0432167716918828
2013-12-26,Aston Villa,Crystal Palace,0.0,1.0,A,2013,7.0,12.0,4.0,10.0,1,4,1,1.202361539707646,0,0.656615107346457,H,1.3433817761039444,0.7792722608618446
2013-12-26,Cardiff,Southampton,0.0,3.0,A,2013,6.0,11.0,0.0,9.0,2,13,1,0.8658988564423931,1,1.5268417199354292,D,1.043882373831284,1.702190119453389
2013-12-26,Chelsea,Swansea,1.0,0.0,H,2013,1.0,8.0,7.0,19.0,3,16,1,1.8741793637165445,0,0.9136951282288878,H,1.6701415003708788,0.7718470547125689
2013-12-26,Everton,Sunderland,0.0,1.0,A,2013,6.0,13.0,9.0,26.0,5,15,1,1.6601765782656768,0,0.6185251580590512,H,1.892699884457052,0.8101275731333922
2013-12-26,Hull,Man United,2.0,3.0,A,2013,4.0,13.0,5.0,17.0,7,10,1,1.4649875935161345,1,1.6262906556340733,D,1.179104627715197,1.5966239123061408
2013-12-26,Man City,Liverpool,2.0,1.0,H,2013,5.0,12.0,6.0,20.0,9,8,2,2.9556192516824016,1,1.2251452412596366,H,2.6779802225338383,1.1814426394950903
2013-12-26,Newcastle,Stoke,5.0,1.0,H,2013,3.0,11.0,8.0,27.0,11,14,1,1.2164473661784303,1,1.180478240658263,D,1.2613428972884024,1.1168403243845986
2013-12-26,Norwich,Fulham,1.0,2.0,A,2013,7.0,15.0,3.0,12.0,12,6,0,1.1887956453222224,0,0.7915769408397508,D,0.9758702019293554,0.6891347447220384
2013-12-26,Tottenham,West Brom,1.0,1.0,D,2013,4.0,7.0,3.0,20.0,17,18,1,1.7936658692419731,0,0.8065201103547133,H,1.7728713342446145,0.8523010874453628
2013-12-26,West Ham,Arsenal,1.0,3.0,A,2013,8.0,29.0,5.0,12.0,19,0,1,0.9292888376425726,1,1.3549331341784665,D,1.1824312349957404,1.604699316367576
2013-12-28,Aston Villa,Swansea,1.0,1.0,D,2013,3.0,17.0,3.0,7.0,1,16,1,1.2308456680662514,1,1.5524556936527796,D,1.0415885648109502,1.5862980929167891
2013-12-28,Cardiff,Sunderland,2.0,2.0,D,2013,9.0,21.0,7.0,16.0,2,15,0,1.0217845249799593,1,1.2817070535096895,A,0.8222816970856965,1.4547127077337265
2013-12-28,Hull,Fulham,6.0,0.0,H,2013,2.0,5.0,13.0,21.0,7,6,1,2.5224382897764377,1,0.8980421142020873,D,1.8249637725520678,1.2001997584402633
2013-12-28,Man City,Crystal Palace,1.0,0.0,H,2013,4.0,9.0,4.0,23.0,9,4,2,2.776607028758788,0,0.4119469320358248,H,2.1886354019788694,0.5552600171230944
2013-12-28,Norwich,Man United,0.0,1.0,A,2013,3.0,7.0,4.0,15.0,12,10,0,0.6904315077525314,1,1.433489768179627,A,0.959472238419211,1.1203013524922656
2013-12-28,West Ham,West Brom,3.0,3.0,D,2013,7.0,22.0,6.0,16.0,19,18,1,1.0859764279573123,0,0.6460923536775964,H,1.5731121861419244,0.8193172743425451
2013-12-29,Chelsea,Liverpool,2.0,1.0,H,2013,4.0,8.0,5.0,11.0,3,8,1,1.9488422843842008,1,1.149315517021262,D,1.9223080499761664,1.3442410611376543
2013-12-29,Everton,Southampton,2.0,1.0,H,2013,2.0,12.0,4.0,9.0,5,13,1,1.4068964301851117,0,0.7368220480399155,H,1.756224546608296,0.8789284454177625
2013-12-29,Newcastle,Arsenal,0.0,1.0,A,2013,5.0,11.0,3.0,11.0,11,0,1,1.0178504264170372,1,1.573668005545766,D,1.221305803528691,1.482227329593065
2013-12-29,Tottenham,Stoke,3.0,0.0,H,2013,1.0,2.0,7.0,20.0,17,14,1,1.8343458675996247,1,1.2687712642842846,D,1.8310590778329925,1.141258512688766
2014-01-01,Arsenal,Cardiff,2.0,0.0,H,2014,2.0,8.0,6.0,28.0,0,2,2,3.2816188019420784,0,0.5981373858470989,H,2.301197320017575,0.8093880097323957
2014-01-01,Crystal Palace,Norwich,1.0,1.0,D,2014,5.0,8.0,4.0,13.0,4,12,1,0.8193878776604872,1,0.4486263858827899,D,1.0240638922821097,1.0313228990336138
2014-01-01,Fulham,West Ham,2.0,1.0,H,2014,3.0,11.0,11.0,30.0,6,19,0,1.0199641567686857,1,1.231049193672442,A,0.961906709170425,1.2277354429199734
2014-01-01,Liverpool,Hull,2.0,0.0,H,2014,0.0,10.0,6.0,17.0,8,7,2,2.7646452270785944,0,1.013286427778823,H,2.6056585221998705,0.8123755458935157
2014-01-01,Man United,Tottenham,1.0,2.0,A,2014,4.0,9.0,6.0,16.0,10,17,1,2.305722155849091,1,1.180891373935964,D,1.86489745176548,1.528657956754645
2014-01-01,Southampton,Chelsea,0.0,3.0,A,2014,5.0,11.0,2.0,12.0,13,3,1,0.998725100603862,1,1.224886898641422,D,1.1432084292886828,1.504158498443956
2014-01-01,Stoke,Everton,1.0,1.0,D,2014,4.0,16.0,4.0,10.0,14,5,1,1.1879593962946935,1,1.1614627060286735,D,1.3690927983569114,1.4186188621813283
2014-01-01,Sunderland,Aston Villa,0.0,1.0,A,2014,5.0,13.0,1.0,17.0,15,1,1,1.4244874463272383,1,0.9492499746665144,D,1.61902490409373,1.4690718713166924
2014-01-01,Swansea,Man City,2.0,3.0,A,2014,4.0,14.0,4.0,15.0,16,9,1,1.4048412681018605,1,1.970630973001404,D,1.6219674882887734,1.860440878627901
2014-01-01,West Brom,Newcastle,1.0,0.0,H,2014,3.0,9.0,4.0,13.0,18,11,1,1.0823494306965606,1,0.8246620344779423,D,1.2990296146764433,1.178707207534026
2014-01-11,Cardiff,West Ham,0.0,2.0,A,2014,3.0,10.0,7.0,19.0,2,19,1,0.9092654653833252,1,1.1401915475140334,D,1.574538884108889,1.141156206729329
2014-01-11,Everton,Norwich,2.0,0.0,H,2014,3.0,12.0,5.0,23.0,5,12,1,1.6537563403307696,0,0.36838383898510535,H,1.924005670207049,0.9019333712233379
2014-01-11,Fulham,Sunderland,1.0,4.0,A,2014,6.0,10.0,5.0,17.0,6,15,1,1.1461818699791002,1,1.3838415467888432,D,1.1857341916856459,1.2513449035796345
2014-01-11,Hull,Chelsea,0.0,2.0,A,2014,5.0,14.0,2.0,10.0,7,3,1,1.0594909862399728,1,1.6334616897088703,D,1.4699196881826018,1.3757843721575587
2014-01-11,Man United,Swansea,2.0,0.0,H,2014,2.0,13.0,5.0,16.0,10,16,1,1.8659515588257611,1,1.263391613987997,D,1.7019475324393227,1.4031329366284255
2014-01-11,Southampton,West Brom,1.0,0.0,H,2014,2.0,4.0,5.0,18.0,13,18,1,1.4542417198994964,0,0.6152775526009376,H,1.0499939994687177,0.9196882145451842
2014-01-11,Tottenham,Crystal Palace,2.0,0.0,H,2014,2.0,14.0,4.0,10.0,17,4,1,1.5963548673677934,1,0.6335000159184087,D,1.5838832569315116,1.0093549056815807
2014-01-12,Newcastle,Man City,0.0,2.0,A,2014,6.0,14.0,5.0,13.0,11,9,1,0.8707857502551799,1,2.265617363837225,D,1.2422098754299764,1.997537763586968
2014-01-12,Stoke,Liverpool,3.0,5.0,A,2014,9.0,13.0,4.0,13.0,14,8,1,1.5399971195367337,1,1.7114711643818123,D,1.461070154560005,1.356713267000344
2014-01-13,Aston Villa,Arsenal,1.0,2.0,A,2014,4.0,8.0,5.0,11.0,1,0,1,1.1560523511483536,1,1.7530839089161567,D,1.701602203822132,1.8761548708163172
2014-01-18,Arsenal,Fulham,2.0,0.0,H,2014,2.0,8.0,8.0,22.0,0,6,2,3.543118863562176,0,0.6709577319426371,H,2.5982476417642784,0.7150177534825995
2014-01-18,Crystal Palace,Stoke,1.0,0.0,H,2014,2.0,17.0,6.0,12.0,4,14,1,0.8300436310455184,0,1.0030167846681262,H,1.087119220562552,0.7453288580604157
2014-01-18,Liverpool,Aston Villa,2.0,2.0,D,2014,3.0,12.0,6.0,14.0,8,1,2,2.81666252246917,0,0.8873429517926478,H,2.8548332679880932,0.9091323807646638
2014-01-18,Man City,Cardiff,4.0,2.0,H,2014,6.0,7.0,9.0,24.0,9,2,3,4.724562304738589,0,0.5117151781563766,H,3.4654663391416403,0.8226899388937575
2014-01-18,Norwich,Hull,1.0,0.0,H,2014,0.0,10.0,4.0,25.0,12,7,1,0.8327342356865607,1,1.0797881461831378,D,1.2612112762820555,1.2064319466739581
2014-01-18,Sunderland,Southampton,2.0,2.0,D,2014,8.0,17.0,5.0,10.0,15,13,1,1.0484561117067703,1,1.0218096846110316,D,1.244587778969282,1.1314619785904
2014-01-18,West Ham,Newcastle,1.0,3.0,A,2014,9.0,19.0,2.0,11.0,19,11,1,1.1375174844627232,0,0.7437353624718831,H,1.1646914333208274,0.8719592325255389
2014-01-19,Chelsea,Man United,3.0,1.0,H,2014,4.0,10.0,6.0,13.0,3,10,1,1.953443143795618,1,0.9751595275713572,D,1.5288212410998037,1.2637755683066871
2014-01-19,Swansea,Tottenham,1.0,3.0,A,2014,5.0,11.0,3.0,13.0,16,17,1,2.1603922653512333,1,1.1329749989658362,D,1.6703541653914284,1.258918604851331
2014-01-20,West Brom,Everton,1.0,1.0,D,2014,4.0,13.0,6.0,14.0,18,5,0,0.7551504123455915,1,1.1357051311850876,A,0.88868373123679,1.1042351623229736
2014-01-28,Crystal Palace,Hull,1.0,0.0,H,2014,4.0,13.0,3.0,13.0,4,7,1,0.9295935543867134,0,0.951914972104428,H,1.0886179657659392,0.8379147891493609
2014-01-28,Liverpool,Everton,4.0,0.0,H,2014,4.0,18.0,9.0,20.0,8,5,1,1.764051247960921,1,1.0759387588047218,D,1.6871373394783948,1.0124366776395393
2014-01-28,Man United,Cardiff,2.0,0.0,H,2014,1.0,7.0,5.0,17.0,10,2,1,3.10155153176489,0,0.6637685514511553,H,1.934614592206346,0.8143880667154075
2014-01-28,Norwich,Newcastle,0.0,0.0,D,2014,3.0,22.0,2.0,9.0,12,11,1,0.7615742272172169,0,0.8325384411956841,H,1.227516503758771,0.6918439872807457
2014-01-28,Southampton,Arsenal,2.0,2.0,D,2014,4.0,7.0,5.0,13.0,13,0,1,1.2444198260165735,1,1.2903108015286089,D,1.300694651397125,1.242602989990659
2014-01-28,Swansea,Fulham,2.0,0.0,H,2014,4.0,15.0,7.0,14.0,16,6,3,3.1376336438033747,1,0.7143667992170131,H,3.226758220964174,1.0010322943213446
2014-01-29,Aston Villa,West Brom,4.0,3.0,H,2014,4.0,12.0,6.0,10.0,1,18,0,1.350974586132516,1,0.8359483433791146,A,0.9541689607830239,1.2790758311562767
2014-01-29,Chelsea,West Ham,0.0,0.0,D,2014,1.0,1.0,9.0,39.0,3,19,1,1.8552274426886648,0,0.5170733133889818,H,1.689951423457859,0.5886312043837556
2014-01-29,Sunderland,Stoke,1.0,0.0,H,2014,5.0,14.0,6.0,16.0,15,14,1,1.2484496652224495,1,1.1421716041346606,D,1.076380650968261,1.2212946613357023
2014-01-29,Tottenham,Man City,1.0,5.0,A,2014,10.0,24.0,2.0,4.0,17,9,1,1.3131042796889334,2,2.4350725901540256,A,1.0691113937473447,2.2127064826344625
2014-02-01,Cardiff,Norwich,2.0,1.0,H,2014,6.0,27.0,5.0,14.0,2,12,1,1.0178330779745868,1,0.7633645271727324,D,1.15368606219888,1.526128800482346
2014-02-01,Everton,Aston Villa,2.0,1.0,H,2014,1.0,4.0,6.0,13.0,5,1,1,1.911483256861209,0,0.6844995902557605,H,1.587799015739303,0.7429906517087007
2014-02-01,Fulham,Southampton,0.0,3.0,A,2014,5.0,17.0,4.0,8.0,6,13,1,0.9713178720429068,1,1.648510087879616,D,1.2957401106864623,1.3962589219523895
2014-02-01,Hull,Tottenham,1.0,1.0,D,2014,3.0,19.0,4.0,9.0,7,17,1,1.7368044806063108,0,1.424281285922835,H,1.0755653078438263,0.8619176449809253
2014-02-01,Newcastle,Sunderland,0.0,3.0,A,2014,5.0,16.0,10.0,28.0,11,15,1,1.2054930078519477,1,0.8865258387627528,D,1.1861417827350884,1.1932708429533665
2014-02-01,Stoke,Man United,2.0,1.0,H,2014,4.0,19.0,6.0,13.0,14,10,1,1.5436327704551014,1,1.4521316273846965,D,1.0756833856652392,1.3637805743041618
2014-02-01,West Ham,Swansea,2.0,0.0,H,2014,0.0,20.0,4.0,11.0,19,16,1,0.9894111966975272,1,1.1998704956311177,D,1.4295096912079768,1.1106888786252218
2014-02-02,Arsenal,Crystal Palace,2.0,0.0,H,2014,2.0,10.0,6.0,11.0,0,4,1,1.928594702209885,0,0.4815195475017596,H,1.5017277340907402,0.3339794542210908
2014-02-02,West Brom,Liverpool,1.0,1.0,D,2014,3.0,12.0,4.0,12.0,18,8,1,0.9789303097870382,1,1.6735161388950832,D,1.4904547215160633,1.8717744573087713
2014-02-03,Man City,Chelsea,0.0,1.0,A,2014,6.0,18.0,3.0,25.0,9,3,1,2.142574281093588,0,1.0440823692295471,H,1.8482395048701188,0.9631750184512149
2014-02-08,Aston Villa,West Ham,0.0,2.0,A,2014,2.0,10.0,1.0,16.0,1,19,1,1.2183992126467225,0,0.8785571736194502,H,1.0350934181670477,0.7631018788445667
2014-02-08,Chelsea,Newcastle,3.0,0.0,H,2014,6.0,12.0,8.0,18.0,3,11,2,2.1547277839211043,0,0.5663506018828072,H,2.1039036278900443,0.6475641161446234
2014-02-08,Crystal Palace,West Brom,3.0,1.0,H,2014,6.0,16.0,6.0,10.0,4,18,0,0.8116358846416756,0,0.6375879014839592,D,0.9556604730909819,0.8820494621187205
2014-02-08,Liverpool,Arsenal,5.0,1.0,H,2014,6.0,11.0,12.0,22.0,8,0,1,2.065560246954373,1,1.4233031075550624,D,1.8749626661591456,1.693953123265013
2014-02-08,Norwich,Man City,0.0,0.0,D,2014,2.0,15.0,2.0,7.0,12,9,1,0.5322702939480265,1,2.1836205697720823,D,1.1748967408611268,1.7353814832534855
2014-02-08,Southampton,Stoke,2.0,2.0,D,2014,4.0,5.0,5.0,17.0,13,14,1,1.4872236435629829,0,0.9679194210741976,H,1.8009833594106042,0.9528694740827953
2014-02-08,Sunderland,Hull,0.0,2.0,A,2014,9.0,25.0,3.0,7.0,15,7,1,1.3981804309554378,1,1.0839801160935307,D,1.386600111804289,1.2900025895246001
2014-02-08,Swansea,Cardiff,3.0,0.0,H,2014,1.0,7.0,6.0,17.0,16,2,2,2.9060604387286326,0,0.6368351827208011,H,2.225539163267079,0.4819385309278715
2014-02-09,Man United,Fulham,2.0,2.0,D,2014,3.0,6.0,9.0,31.0,10,6,2,3.3487026988030726,1,0.7445791758791078,H,2.324041401936632,1.149045445665937
2014-02-09,Tottenham,Everton,1.0,0.0,H,2014,3.0,11.0,2.0,8.0,17,5,1,1.310826453656581,0,1.2785820933987588,H,1.0588608081330568,0.992652858224512
2014-02-11,Cardiff,Aston Villa,0.0,0.0,D,2014,6.0,18.0,3.0,12.0,2,1,1,1.1764555874287963,1,1.41841918881421,D,1.0375405657438035,1.1783788929477825
2014-02-11,Hull,Southampton,0.0,1.0,A,2014,7.0,16.0,4.0,12.0,7,13,1,1.3249723056549805,0,1.1547575846645437,H,1.0059705103733945,0.8780818082700952
2014-02-11,West Brom,Chelsea,1.0,1.0,D,2014,4.0,15.0,1.0,12.0,18,3,0,0.7096417793119951,1,1.4261890234703785,A,0.809006215485049,1.4365335019599688
2014-02-11,West Ham,Norwich,2.0,0.0,H,2014,6.0,13.0,7.0,12.0,19,12,1,1.0963486673412766,0,0.4546103790587338,H,1.6998559782893088,0.9256412265266037
2014-02-12,Arsenal,Man United,0.0,0.0,D,2014,2.0,6.0,5.0,17.0,0,10,1,2.0577808378938043,1,1.2150569249786811,D,1.3514031364257948,1.7176765086604657
2014-02-12,Fulham,Liverpool,2.0,3.0,A,2014,7.0,21.0,3.0,10.0,6,8,1,1.0714315838204562,2,2.7362927149169707,A,1.2403736712473716,2.874856460668081
2014-02-12,Newcastle,Tottenham,0.0,4.0,A,2014,8.0,15.0,5.0,13.0,11,17,1,1.3391112877621976,1,1.3025715446565411,D,1.6759552817105092,1.2875033362831252
2014-02-12,Stoke,Swansea,1.0,1.0,D,2014,3.0,13.0,4.0,7.0,14,16,1,1.4809976388267163,1,1.3606036304571665,D,1.2598566859317974,1.3470561751972925
2014-02-22,Arsenal,Sunderland,4.0,1.0,H,2014,3.0,7.0,9.0,12.0,0,15,1,2.196160760637242,0,0.7242425523094831,H,1.495345666015799,0.8548901702844983
2014-02-22,Cardiff,Hull,0.0,4.0,A,2014,6.0,12.0,5.0,23.0,2,7,0,1.154729151507914,1,1.6197400452923683,A,0.9448400111694211,1.3370801821941616
2014-02-22,Chelsea,Everton,1.0,0.0,H,2014,2.0,8.0,8.0,25.0,3,5,1,1.503344048024633,0,0.7799647100466478,H,1.4301457391022598,0.8989685122213089
2014-02-22,Crystal Palace,Man United,0.0,2.0,A,2014,5.0,14.0,6.0,15.0,4,10,1,0.7707389126653287,1,1.2637297209755218,D,1.3409835359541689,1.572899830630334
2014-02-22,Man City,Stoke,1.0,0.0,H,2014,2.0,7.0,7.0,19.0,9,14,2,3.1905547652759396,0,0.8250456458464278,H,2.6353523820931937,0.8972652231035276
2014-02-22,West Brom,Fulham,1.0,1.0,D,2014,3.0,7.0,5.0,16.0,18,6,1,1.689516588068659,0,0.7840880590945604,H,1.6330928426992788,0.905503783981692
2014-02-22,West Ham,Southampton,3.0,1.0,H,2014,5.0,25.0,5.0,10.0,19,13,0,0.9326942480608356,0,0.9092878544321868,D,0.9545272089425906,0.9888467514230054
2014-02-23,Liverpool,Swansea,4.0,3.0,H,2014,5.0,14.0,10.0,21.0,8,16,1,2.1991961519460532,0,1.260416002839045,H,1.7718539357192633,0.9559551604251523
2014-02-23,Newcastle,Aston Villa,1.0,0.0,H,2014,2.0,10.0,5.0,23.0,11,1,1,1.3879726596188031,1,0.9810863236161438,D,1.5916664140589318,1.0932806821685024
2014-02-23,Norwich,Tottenham,1.0,0.0,H,2014,2.0,9.0,3.0,13.0,12,17,0,0.8185356255053915,0,1.255429122283232,D,0.6711094311797021,0.9023647004371407
2014-03-01,Everton,West Ham,1.0,0.0,H,2014,1.0,6.0,3.0,22.0,5,19,1,1.4773576934773447,0,0.5502327191011127,H,1.3806529557882374,0.7825782807879141
2014-03-01,Fulham,Chelsea,1.0,3.0,A,2014,8.0,17.0,3.0,7.0,6,3,1,0.7766973889273329,1,2.3318990144864093,D,1.1040930334774723,1.9529161086577964
2014-03-01,Hull,Newcastle,1.0,4.0,A,2014,7.0,17.0,3.0,13.0,7,11,1,1.6159413090034631,0,0.9445128367341358,H,1.3268578813084873,0.9497044228223666
2014-03-01,Southampton,Liverpool,0.0,3.0,A,2014,5.0,12.0,2.0,13.0,13,8,1,1.3777123904318351,1,1.4373045644465658,D,1.5944936996983488,1.5760123801649497
2014-03-01,Stoke,Arsenal,1.0,0.0,H,2014,2.0,10.0,4.0,8.0,14,0,1,1.3910036382551823,1,1.536438264048034,D,1.3633613779040994,1.2664079556451353
2014-03-02,Aston Villa,Norwich,4.0,1.0,H,2014,4.0,7.0,4.0,10.0,1,12,1,1.3638778420856639,0,0.5881988714058322,H,1.3779274399942478,0.8840091648175482
2014-03-02,Swansea,Crystal Palace,1.0,1.0,D,2014,4.0,7.0,5.0,7.0,16,4,1,1.7078805018782002,0,0.512672500119076,H,1.6650648053474957,0.5633321891323647
2014-03-02,Tottenham,Cardiff,1.0,0.0,H,2014,2.0,8.0,6.0,15.0,17,2,2,2.71629292630702,1,0.786925568071871,H,2.0936334402096843,1.0501991614058985
2014-03-08,Cardiff,Fulham,3.0,1.0,H,2014,6.0,14.0,9.0,19.0,2,6,1,1.6484694972429692,1,1.1874078026697592,D,1.6636583594464753,1.0077347805736394
2014-03-08,Chelsea,Tottenham,4.0,0.0,H,2014,2.0,6.0,4.0,12.0,3,17,2,2.3158891036141336,1,0.8540302811785633,H,2.081933168298194,1.1209620370536708
2014-03-08,Crystal Palace,Southampton,0.0,1.0,A,2014,3.0,11.0,1.0,6.0,4,13,1,0.6970760153136724,0,0.8973189848978906,H,1.0787953900528782,0.9789240849168667
2014-03-08,Norwich,Stoke,1.0,1.0,D,2014,3.0,6.0,5.0,13.0,12,14,1,0.7435569506946514,0,1.1377545959940567,H,1.253229963559409,0.7401531068770827
2014-03-08,West Brom,Man United,0.0,3.0,A,2014,5.0,14.0,3.0,14.0,18,10,1,0.9812413848109096,1,1.4199279338171338,D,1.354064609412833,1.6235460484245037
2014-03-15,Aston Villa,Chelsea,1.0,0.0,H,2014,2.0,15.0,4.0,13.0,1,3,0,0.9278046496573524,1,1.6641955641281068,A,0.8465914148657836,1.516119466213599
2014-03-15,Everton,Cardiff,2.0,1.0,H,2014,3.0,10.0,6.0,19.0,5,2,2,2.4807230742979347,0,0.5108275120570546,H,2.377273196456752,0.8565249946881842
2014-03-15,Fulham,Newcastle,1.0,0.0,H,2014,3.0,12.0,3.0,12.0,6,11,1,1.1846230045023989,1,1.3483686621035136,D,1.4431187956900453,1.2825501641663286
2014-03-15,Hull,Man City,0.0,2.0,A,2014,3.0,8.0,5.0,15.0,7,9,1,1.1293942531234171,1,2.4773122256605427,D,1.5462016617611696,1.5518138392026772
2014-03-15,Southampton,Norwich,4.0,2.0,H,2014,3.0,6.0,6.0,16.0,13,12,2,1.4681312877138897,0,0.4329281407249401,H,2.4681741699836377,0.5189743831729127
2014-03-15,Stoke,West Ham,3.0,1.0,H,2014,2.0,8.0,9.0,17.0,14,19,1,1.4660216174080083,0,0.7699853109354922,H,1.23187741540428,0.5877969523621561
2014-03-15,Sunderland,Crystal Palace,0.0,0.0,D,2014,5.0,12.0,2.0,19.0,15,4,1,1.086473786074757,0,0.5702885537914717,H,1.1473663155403973,0.7037502677656544
2014-03-15,Swansea,West Brom,1.0,2.0,A,2014,4.0,13.0,4.0,15.0,16,18,1,1.918976179785088,1,0.6526924561673855,D,1.6918728703129748,1.1309081165011061
2014-03-16,Man United,Liverpool,0.0,3.0,A,2014,7.0,17.0,1.0,13.0,10,8,1,1.9402867029978903,1,1.589190465364061,D,1.8029689084139136,1.6190370306190178
2014-03-16,Tottenham,Arsenal,0.0,1.0,A,2014,3.0,7.0,2.0,17.0,17,0,2,1.5348709491625798,1,1.6913693757257775,H,2.1068927258450043,1.135534666428458
2014-03-22,Cardiff,Liverpool,3.0,6.0,A,2014,9.0,19.0,3.0,9.0,2,8,0,0.9551470325930672,2,2.534340496796345,A,0.8783126381978055,2.4083715799032706
2014-03-22,Chelsea,Arsenal,6.0,0.0,H,2014,5.0,12.0,11.0,21.0,3,0,1,1.7602933626132031,0,1.0317745192355878,H,1.9471951876242348,0.8832078016190043
2014-03-22,Everton,Swansea,3.0,2.0,H,2014,7.0,21.0,6.0,9.0,5,16,1,1.4924495176345682,1,0.972289502894182,D,1.3143758180495828,1.0543991577396559
2014-03-22,Hull,West Brom,2.0,0.0,H,2014,4.0,17.0,5.0,12.0,7,18,1,1.5427228104270534,1,0.8205102951351615,D,1.2814672976562649,1.28759015892971
2014-03-22,Man City,Fulham,5.0,0.0,H,2014,0.0,6.0,12.0,22.0,9,6,4,5.101045195769677,0,0.5740140366751666,H,4.069439706573671,0.750464175979737
2014-03-22,Newcastle,Crystal Palace,1.0,0.0,H,2014,1.0,8.0,8.0,21.0,11,4,1,1.0586235170779237,0,0.5894151336018775,H,1.1310412021708427,0.9409583903884574
2014-03-22,Norwich,Sunderland,2.0,0.0,H,2014,2.0,10.0,8.0,14.0,12,15,0,0.7368610676663171,1,0.8544408636938209,A,0.8201161371308942,1.358909986346859
2014-03-22,West Ham,Man United,0.0,2.0,A,2014,7.0,16.0,1.0,10.0,19,10,0,1.031255895780804,1,1.2805859520500151,A,0.9281532040735984,1.4404288486943342
2014-03-23,Aston Villa,Stoke,1.0,4.0,A,2014,5.0,10.0,3.0,12.0,1,14,1,1.3816144309818388,1,1.3150660757101285,D,1.5604173829584846,1.5065199523635304
2014-03-23,Tottenham,Southampton,3.0,2.0,H,2014,4.0,12.0,6.0,15.0,17,13,1,1.5404955357380807,1,1.135068286331706,D,1.3264221510199963,1.1032493874489437
2014-03-25,Arsenal,Swansea,2.0,2.0,D,2014,2.0,8.0,4.0,13.0,0,16,1,1.9742834050128952,0,1.138471769474206,H,1.6212257276417097,0.9779072481454213
2014-03-25,Man United,Man City,0.0,3.0,A,2014,4.0,13.0,4.0,10.0,10,9,1,1.499345137114242,2,2.053973935305314,A,1.2307674491642937,2.0233447520245296
2014-03-25,Newcastle,Everton,0.0,3.0,A,2014,6.0,8.0,3.0,16.0,11,5,0,0.8692752087991711,1,1.1896063401183232,A,0.7804527366554236,1.0949024134050165
2014-03-26,Liverpool,Sunderland,2.0,1.0,H,2014,4.0,12.0,7.0,21.0,8,15,2,2.4463500435575973,1,0.8018177765527358,H,2.2661028511495975,1.2747786441714573
2014-03-26,West Ham,Hull,2.0,1.0,H,2014,3.0,10.0,3.0,9.0,19,7,1,1.2438048966880146,1,0.9646120690126782,D,1.1575303285857734,1.0150160928128518
2014-03-29,Arsenal,Man City,1.0,1.0,D,2014,4.0,15.0,3.0,10.0,0,9,1,1.5863928560151026,1,1.8508840130730484,D,1.6556320787468275,1.6347649846717303
2014-03-29,Crystal Palace,Chelsea,1.0,0.0,H,2014,2.0,21.0,4.0,14.0,4,3,0,0.5574046731367899,1,1.2693020636924,A,0.6082941327520172,1.2331335031122201
2014-03-29,Man United,Aston Villa,4.0,1.0,H,2014,1.0,10.0,6.0,9.0,10,1,1,2.3898531378552432,0,0.8894378058522208,H,1.6964491588974326,0.577357224055382
2014-03-29,Southampton,Newcastle,4.0,0.0,H,2014,2.0,5.0,11.0,23.0,13,11,1,1.5232608557925749,0,0.7082635647980725,H,1.8315298845830512,0.9899740465102336
2014-03-29,Stoke,Hull,1.0,0.0,H,2014,3.0,5.0,3.0,15.0,14,7,2,1.8617862030514265,0,1.0938302824015296,H,2.003805088894531,0.9800074708732914
2014-03-29,Swansea,Norwich,3.0,0.0,H,2014,4.0,8.0,7.0,16.0,16,12,2,1.9373044600280536,0,0.459254413425695,H,2.0321538855445094,0.6198444098926266
2014-03-29,West Brom,Cardiff,3.0,3.0,D,2014,5.0,11.0,6.0,16.0,18,2,1,1.5648217333654366,0,0.69898945881861,H,1.5725099380621081,0.6604883742803068
2014-03-30,Fulham,Everton,1.0,3.0,A,2014,7.0,14.0,8.0,23.0,6,5,1,0.8265062326021165,1,1.8569415642488776,D,1.5024980093683926,1.8926005552307987
2014-03-30,Liverpool,Tottenham,4.0,0.0,H,2014,4.0,15.0,5.0,11.0,8,17,2,2.7175063943198388,1,1.1781100720030713,H,2.3109972340577776,1.031287087674736
2014-03-31,Sunderland,West Ham,1.0,2.0,A,2014,6.0,11.0,7.0,26.0,15,19,1,1.1009656927621447,0,0.7630514350961994,H,1.3558332102744588,0.6583846929237188
2014-04-05,Aston Villa,Fulham,1.0,2.0,A,2014,8.0,16.0,6.0,12.0,1,6,1,2.2089191924453413,1,0.9149389375160102,D,1.6046951971705434,1.216652670426923
2014-04-05,Cardiff,Crystal Palace,0.0,3.0,A,2014,8.0,13.0,4.0,13.0,2,4,1,0.8972968905539495,0,0.8521551218825258,H,1.1105378721919015,0.8689338831136086
2014-04-05,Chelsea,Stoke,3.0,0.0,H,2014,2.0,4.0,8.0,18.0,3,14,2,2.1037513656990514,0,0.7739798769060187,H,2.513306604553371,0.8114368634297021
2014-04-05,Hull,Swansea,1.0,0.0,H,2014,2.0,12.0,4.0,8.0,7,16,1,1.4055436036565638,1,1.5237853983109273,D,1.160601414539653,1.0709201881305932
2014-04-05,Man City,Southampton,4.0,1.0,H,2014,1.0,5.0,8.0,15.0,9,13,2,2.6794485485265263,1,0.7381024253450535,H,2.2168561661109796,1.1963487570272626
2014-04-05,Newcastle,Man United,0.0,4.0,A,2014,4.0,8.0,4.0,14.0,11,10,1,1.1295349849766534,1,1.48731851798307,D,1.0369139790693385,1.344199974513569
2014-04-05,Norwich,West Brom,0.0,1.0,A,2014,5.0,8.0,4.0,12.0,12,18,0,0.7270672057303278,0,0.7232367158278451,D,0.9941532856386163,0.6865741836534944
2014-04-06,Everton,Arsenal,3.0,0.0,H,2014,5.0,15.0,8.0,14.0,5,0,1,1.4017596345302328,1,1.097941209723894,D,1.2878396442902087,1.101068842045362
2014-04-06,West Ham,Liverpool,1.0,2.0,A,2014,8.0,17.0,1.0,11.0,19,8,1,1.028827023761287,1,1.5092887511811028,D,1.25312804846951,1.646754220323962
2014-04-07,Tottenham,Sunderland,5.0,1.0,H,2014,4.0,8.0,11.0,29.0,17,15,1,1.817827206384124,1,0.9528329032481696,D,1.9776243267510336,1.3573272096756615
2014-04-12,Crystal Palace,Aston Villa,1.0,0.0,H,2014,4.0,7.0,4.0,14.0,4,1,1,0.9470840237019412,1,0.8335994818901613,D,1.102627982363538,1.2017572320973127
2014-04-12,Fulham,Norwich,1.0,0.0,H,2014,3.0,13.0,3.0,14.0,6,12,1,1.1417493533310037,0,0.824194222192803,H,1.5709946393930325,0.6888127662483693
2014-04-12,Southampton,Cardiff,0.0,1.0,A,2014,4.0,6.0,7.0,19.0,13,2,1,2.2022755545730157,0,0.600329280554974,H,1.8744226372607555,0.7001243686458708
2014-04-12,Stoke,Newcastle,1.0,0.0,H,2014,1.0,13.0,3.0,10.0,14,11,1,1.7026901598005837,0,0.8433652114650574,H,1.499458886692783,0.8992355028589191
2014-04-12,Sunderland,Everton,0.0,1.0,A,2014,3.0,20.0,6.0,24.0,15,5,1,0.8921441022318053,1,1.1510034958577846,D,1.1837178409575448,1.3736498898216993
2014-04-12,West Brom,Tottenham,3.0,3.0,D,2014,8.0,20.0,5.0,6.0,18,17,1,1.1633029803382835,1,1.2435518684735474,D,1.0028532395078378,1.205479124075356
2014-04-13,Liverpool,Man City,3.0,2.0,H,2014,5.0,13.0,4.0,10.0,8,9,1,1.7671166437223509,2,2.0491363001066296,A,1.6052543168911182,2.064488534583006
2014-04-13,Swansea,Chelsea,0.0,1.0,A,2014,3.0,26.0,4.0,7.0,16,3,1,1.3178893522218094,1,1.2993720232794703,D,1.1817059825944403,1.2630012968613926
2014-04-15,Arsenal,West Ham,3.0,1.0,H,2014,2.0,12.0,8.0,14.0,0,19,1,1.9543192202060264,0,0.6442776719001806,H,1.5103025734227875,0.9424694451217878
2014-04-16,Everton,Crystal Palace,2.0,3.0,A,2014,4.0,7.0,5.0,17.0,5,4,1,1.4579113746878334,0,0.4112323327003013,H,1.6305460773273321,0.29571936430793233
2014-04-16,Man City,Sunderland,2.0,2.0,D,2014,3.0,11.0,4.0,16.0,9,15,2,3.16182316444318,0,0.6195999705964101,H,2.6373029450700036,0.7392577513282421
2014-04-19,Aston Villa,Southampton,0.0,0.0,D,2014,2.0,3.0,1.0,6.0,1,13,1,1.1602887441417795,1,1.1764845555603636,D,1.262641159130699,1.042861786217634
2014-04-19,Cardiff,Stoke,1.0,1.0,D,2014,5.0,14.0,4.0,13.0,2,14,1,1.0310695177142022,1,1.7066928242926398,D,1.187020570411273,1.2779593509916432
2014-04-19,Chelsea,Sunderland,1.0,2.0,A,2014,3.0,7.0,15.0,31.0,3,15,1,2.0848066526515043,0,0.5812501543247295,H,1.9765000855767323,0.916845906233091
2014-04-19,Newcastle,Swansea,1.0,2.0,A,2014,2.0,10.0,4.0,14.0,11,16,0,1.0837024697457025,1,1.3935726879377683,A,0.9235114552173513,1.6933172704317656
2014-04-19,Tottenham,Fulham,3.0,1.0,H,2014,4.0,11.0,5.0,14.0,17,6,2,2.9327442603824934,0,0.8827299661488542,H,2.469341121397211,0.7793016868472984
2014-04-19,West Ham,Crystal Palace,0.0,1.0,A,2014,3.0,11.0,4.0,13.0,19,4,1,0.9665143248496941,0,0.5074882958089,H,1.121495835877255,0.9140244845060753
2014-04-20,Everton,Man United,2.0,0.0,H,2014,2.0,9.0,5.0,17.0,5,10,1,1.555568978148913,1,1.0376955540331665,D,1.4862109899623464,1.2602664264136567
2014-04-20,Hull,Arsenal,0.0,3.0,A,2014,6.0,12.0,4.0,13.0,7,0,1,1.3201346276024262,1,1.7207084706777782,D,1.293799180106369,1.426757086273011
2014-04-20,Norwich,Liverpool,2.0,3.0,A,2014,6.0,14.0,5.0,13.0,12,8,0,0.6888053645445904,1,1.689500012539742,A,0.7250241107744388,1.7604218390943946
2014-04-21,Man City,West Brom,3.0,1.0,H,2014,3.0,10.0,6.0,19.0,9,18,2,3.1197983365653257,0,0.5244569482830292,H,2.5699696257858275,0.7640865793930388
2014-04-26,Fulham,Hull,2.0,2.0,D,2014,4.0,8.0,3.0,10.0,6,7,1,1.2953118645251351,2,1.7488111370967627,A,1.5022769703354852,2.083649342611022
2014-04-26,Man United,Norwich,4.0,0.0,H,2014,2.0,9.0,11.0,25.0,10,12,1,2.0676272025931013,0,0.4786774427956971,H,1.8459688857147902,0.47214575557052335
2014-04-26,Southampton,Everton,2.0,0.0,H,2014,2.0,9.0,4.0,14.0,13,5,0,1.0627723642090117,1,0.9754039001951024,A,0.8978280284180764,1.1989382885795916
2014-04-26,Stoke,Tottenham,0.0,1.0,A,2014,4.0,16.0,3.0,17.0,14,17,1,1.8300416495012632,0,1.2717553866619922,H,1.7507577671964227,0.8864393773260942
2014-04-26,Swansea,Aston Villa,4.0,1.0,H,2014,3.0,11.0,8.0,11.0,16,1,1,2.239220463424197,1,0.8533475808251951,D,1.363149058363046,1.1340438232373442
2014-04-26,West Brom,West Ham,1.0,0.0,H,2014,3.0,9.0,6.0,19.0,18,19,1,0.931906285977624,1,0.7529094684035382,D,1.2334884218471458,1.0074244008366013
2014-04-27,Crystal Palace,Man City,0.0,2.0,A,2014,6.0,16.0,2.0,3.0,4,9,1,0.5941812084111869,1,1.9250267944770545,D,1.0832580300974877,1.5140606721931515
2014-04-27,Liverpool,Chelsea,0.0,2.0,A,2014,4.0,11.0,8.0,26.0,8,3,1,1.6577418828550303,1,1.351135964431562,D,1.466390809980533,1.4851630202099961
2014-04-27,Sunderland,Cardiff,4.0,0.0,H,2014,1.0,6.0,7.0,21.0,15,2,1,1.8486998850067895,0,0.7084051032053001,H,1.7003042326115005,0.6656729023148705
2014-04-28,Arsenal,Newcastle,3.0,0.0,H,2014,3.0,8.0,8.0,20.0,0,11,2,2.269816533290482,0,0.7056775853868624,H,2.1367792004593364,0.5177962622407578
2014-05-03,Aston Villa,Hull,3.0,1.0,H,2014,2.0,7.0,9.0,15.0,1,7,1,1.5473160947824356,1,1.2480659405807324,D,1.4914672851415824,1.0887366550281568
2014-05-03,Man United,Sunderland,0.0,1.0,A,2014,1.0,8.0,2.0,17.0,10,15,1,2.0756541762636482,0,0.8037107213502979,H,1.7023702247330188,0.8812556066201847
2014-05-03,Newcastle,Cardiff,3.0,0.0,H,2014,3.0,16.0,6.0,22.0,11,2,1,1.8013109928386066,0,0.732163894530278,H,1.7384543857703125,0.8140014328134603
2014-05-03,Stoke,Fulham,4.0,1.0,H,2014,2.0,10.0,8.0,23.0,14,6,1,2.6578507714213946,0,0.8018710260914743,H,1.6967691801426996,0.8113350367714478
2014-05-03,Swansea,Southampton,0.0,1.0,A,2014,4.0,18.0,3.0,12.0,16,13,1,1.6481186874542937,0,0.9185766085829092,H,1.154586997241839,0.9919430028065795
2014-05-03,West Ham,Tottenham,2.0,0.0,H,2014,3.0,12.0,8.0,20.0,19,17,1,1.2225972891312744,1,1.1215182232043197,D,1.1408651711386388,1.519414952205319
2014-05-03,Everton,Man City,2.0,3.0,A,2014,6.0,18.0,4.0,9.0,5,9,1,1.1992256262333325,1,1.5807112176498777,D,1.086549043977195,1.7858388492161203
2014-05-04,Arsenal,West Brom,1.0,0.0,H,2014,1.0,11.0,4.0,15.0,0,18,1,2.1669708682372564,0,0.6130310794484476,H,1.7817867167565824,0.7878034718039998
2014-05-04,Chelsea,Norwich,0.0,0.0,D,2014,3.0,6.0,4.0,23.0,3,12,2,2.0767442845073383,0,0.34618343404616403,H,2.226806347179374,0.8500825556029113
2014-05-05,Crystal Palace,Liverpool,3.0,3.0,D,2014,9.0,26.0,6.0,10.0,4,8,0,0.7689236249302623,1,1.4894221269163939,A,0.9332431930279891,1.816716598019915
2014-05-06,Man United,Hull,3.0,1.0,H,2014,2.0,2.0,7.0,18.0,10,7,1,2.345718032701454,1,1.0156786112998104,D,1.4090025090588612,1.0075566561688212
2014-05-07,Man City,Aston Villa,4.0,0.0,H,2014,0.0,5.0,9.0,18.0,9,1,2,3.6404392876706897,1,0.6856890467100987,H,2.9753522568123123,1.0835663739658925
2014-05-07,Sunderland,West Brom,2.0,0.0,H,2014,3.0,13.0,4.0,10.0,15,18,1,1.2207629943345222,0,0.7260444763700946,H,1.0547260181433404,0.8606522697187522
2014-05-11,Cardiff,Chelsea,1.0,2.0,A,2014,7.0,28.0,4.0,10.0,2,3,0,0.6924009124422468,1,2.1597930932735463,A,0.8875448432761632,1.9443392874007321
2014-05-11,Fulham,Crystal Palace,2.0,2.0,D,2014,6.0,15.0,5.0,15.0,6,4,1,1.0065384655945238,0,0.9200602109045308,H,1.8120155714532518,0.9478622669254522
2014-05-11,Hull,Everton,0.0,2.0,A,2014,4.0,11.0,3.0,12.0,7,5,1,1.1274351066410349,1,1.3007608332887706,D,1.0958560543674853,1.8004697111762624
2014-05-11,Liverpool,Newcastle,2.0,1.0,H,2014,2.0,8.0,5.0,13.0,8,11,2,2.5283967706770816,0,0.7812642748947584,H,2.1658172560795568,0.8274020226057521
2014-05-11,Man City,West Ham,2.0,0.0,H,2014,0.0,3.0,7.0,28.0,9,19,2,2.8136427405118445,0,0.5511888597160082,H,2.38825717808311,0.822959710142511
2014-05-11,Norwich,Arsenal,0.0,2.0,A,2014,8.0,14.0,5.0,11.0,12,0,1,0.6221640001634808,1,1.5167141114605378,D,1.1792515185332115,1.1298692662228107
2014-05-11,Southampton,Man United,1.0,1.0,D,2014,2.0,8.0,6.0,15.0,13,10,1,1.3809649168515126,1,1.2195095422312476,D,1.375098063708086,1.560205750954575
2014-05-11,Sunderland,Swansea,1.0,3.0,A,2014,4.0,8.0,4.0,20.0,15,16,0,1.1122125158650813,1,1.3483511153687695,A,0.9856151482965544,1.5308787642391142
2014-05-11,Tottenham,Aston Villa,3.0,0.0,H,2014,1.0,4.0,6.0,12.0,17,1,2,2.092998006573477,0,1.0544659717678149,H,2.218142158100329,0.9854573852298009
2014-05-11,West Brom,Stoke,1.0,2.0,A,2014,4.0,15.0,4.0,17.0,18,14,1,1.056743274014818,1,1.1269906270292616,D,1.6886559774335679,1.0850996892828222
