Date,HomeTeam,AwayTeam,FTHG,FTAG,FTR,Year,PFTR,PHT,PAT,PFTHG,PFTAG
2012-08-18,Arsenal,Sunderland,0.0,0.0,D,2012,H,2.924964438122333,1.0794502179014416,2,1
2012-08-18,Fulham,Norwich,5.0,0.0,H,2012,D,1.8918918918918919,1.0727455581629233,1,1
2012-08-18,Newcastle,Tottenham,2.0,1.0,H,2012,A,1.1948790896159316,2.563414906693485,1,2
2012-08-18,QPR,Swansea,0.0,5.0,A,2012,A,0.5778805120910384,1.1889596602972399,0,1
2012-08-18,Reading,Stoke,1.0,1.0,D,2012,D,0.940611664295875,0.9587663426081127,0,0
2012-08-18,West Brom,Liverpool,3.0,0.0,H,2012,A,1.5362731152204836,2.123142250530786,1,2
2012-08-18,West Ham,Aston Villa,1.0,0.0,H,2012,H,2.4786628733997156,1.1800201139792155,2,1
2012-08-19,Man City,Southampton,3.0,2.0,H,2012,H,2.624466571834993,0.771035869929601,2,0
2012-08-19,Wigan,Chelsea,0.0,2.0,A,2012,A,1.0633001422475108,2.9634596044250756,1,2
2012-08-20,Everton,Man United,1.0,0.0,H,2012,D,1.4082503556187767,1.557715945915745,1,1
2012-08-22,Chelsea,Reading,4.0,2.0,H,2012,H,2.9160739687055477,0.7151637054419486,2,0
2012-08-25,Aston Villa,Everton,1.0,3.0,A,2012,A,0.940611664295875,1.3766901329757513,0,1
2012-08-25,Chelsea,Newcastle,2.0,0.0,H,2012,H,2.697368421052632,0.7509218907140464,2,0
2012-08-25,Man United,Fulham,3.0,2.0,H,2012,H,2.4004267425320056,0.9341825902335457,2,0
2012-08-25,Norwich,QPR,1.0,1.0,D,2012,H,1.422475106685633,0.7598614370320707,1,0
2012-08-25,Southampton,Wigan,0.0,2.0,A,2012,D,1.5718349928876243,1.1263828360710695,1,1
2012-08-25,Swansea,West Ham,3.0,0.0,H,2012,H,1.5433854907539117,0.6391775617387417,1,0
2012-08-25,Tottenham,West Brom,1.0,1.0,D,2012,H,1.6500711237553345,0.8447871270533022,1,0
2012-08-26,Liverpool,Man City,2.0,2.0,D,2012,H,1.114864864864865,0.8939546318024361,1,0
2012-08-26,Stoke,Arsenal,0.0,0.0,D,2012,A,0.5227596017069702,1.2291876187283497,0,1
2012-09-01,Man City,QPR,3.0,1.0,H,2012,H,2.3328591749644385,0.569896077774053,2,0
2012-09-01,Swansea,Sunderland,2.0,2.0,D,2012,D,1.7425320056899003,1.2202480724103253,1,1
2012-09-01,Tottenham,Norwich,1.0,1.0,D,2012,H,1.9594594594594597,0.6436473348977538,1,0
2012-09-01,West Brom,Everton,2.0,0.0,H,2012,D,1.3086770981507825,1.2291876187283497,1,1
2012-09-01,West Ham,Fulham,3.0,0.0,H,2012,D,1.8136557610241824,1.0816851044809477,1,1
2012-09-01,Wigan,Stoke,2.0,2.0,D,2012,D,1.0633001422475108,1.1330874958095876,1,1
2012-09-02,Liverpool,Arsenal,0.0,2.0,A,2012,D,0.8214793741109531,0.8939546318024361,0,0
2012-09-02,Newcastle,Aston Villa,1.0,1.0,D,2012,D,1.7496443812233287,1.662755615152531,1,1
2012-09-02,Southampton,Man United,2.0,3.0,A,2012,A,1.1095305832147937,2.1991283942339925,1,2
2012-09-15,Arsenal,Southampton,6.0,1.0,H,2012,H,3.008534850640114,1.1822550005587218,3,1
2012-09-15,Aston Villa,Swansea,2.0,0.0,H,2012,D,1.0224039829302987,1.1889596602972399,1,1
2012-09-15,Fulham,West Brom,3.0,0.0,H,2012,D,1.5931721194879092,1.4079785450888371,1,1
2012-09-15,Man United,Wigan,4.0,0.0,H,2012,H,2.720483641536273,0.8917197452229301,2,0
2012-09-15,Norwich,West Ham,0.0,0.0,D,2012,H,1.378022759601707,0.4916750474913397,1,0
2012-09-15,QPR,Chelsea,0.0,0.0,D,2012,A,0.5316500711237554,2.1276120236897977,0,2
2012-09-15,Stoke,Man City,1.0,1.0,D,2012,A,0.7094594594594595,1.2291876187283497,0,1
2012-09-15,Sunderland,Liverpool,1.0,1.0,D,2012,A,0.9601706970128022,1.6135881104033971,0,1
2012-09-16,Reading,Tottenham,1.0,3.0,A,2012,A,1.1450924608819346,2.7287965135769365,1,2
2012-09-17,Everton,Newcastle,2.0,2.0,D,2012,H,2.1710526315789473,0.7978545088836744,2,0
2012-09-22,Chelsea,Stoke,1.0,0.0,H,2012,H,1.6767425320056903,0.46485640853726673,1,0
2012-09-22,Southampton,Aston Villa,4.0,1.0,H,2012,D,1.8954480796586064,1.2872946697955079,1,1
2012-09-22,Swansea,Everton,0.0,3.0,A,2012,D,1.1450924608819346,1.2783551234774835,1,1
2012-09-22,West Brom,Reading,1.0,0.0,H,2012,H,2.275960170697013,1.117443289753045,2,1
2012-09-22,West Ham,Sunderland,1.0,1.0,D,2012,H,2.115931721194879,1.0325175997318137,2,1
2012-09-22,Wigan,Fulham,1.0,2.0,A,2012,D,1.3869132290184922,1.9175326852162253,1,1
2012-09-23,Liverpool,Man United,1.0,2.0,A,2012,D,1.4082503556187767,1.466085596155995,1,1
2012-09-23,Man City,Arsenal,1.0,1.0,D,2012,H,1.0206258890469417,0.8380824673147841,1,0
2012-09-23,Newcastle,Norwich,1.0,0.0,H,2012,D,1.6216216216216215,1.1085037434350204,1,1
2012-09-23,Tottenham,QPR,2.0,1.0,H,2012,H,1.6500711237553345,0.6838752933288635,1,0
2012-09-29,Arsenal,Chelsea,1.0,2.0,A,2012,D,1.9221194879089618,1.7476813051737625,1,1
2012-09-29,Everton,Southampton,3.0,1.0,H,2012,H,2.112375533428165,0.8738406525868813,2,0
2012-09-29,Fulham,Man City,1.0,2.0,A,2012,A,0.9459459459459459,1.6761649346295682,0,1
2012-09-29,Man United,Tottenham,2.0,3.0,A,2012,H,2.240398293029872,1.5711252653927814,2,1
2012-09-29,Norwich,Liverpool,2.0,5.0,A,2012,D,1.2002133712660028,1.6985138004246283,1,1
2012-09-29,Reading,Newcastle,2.0,2.0,D,2012,D,1.5131578947368423,1.5487763995977206,1,1
2012-09-29,Stoke,Swansea,2.0,0.0,H,2012,D,0.9334992887624468,0.9341825902335457,0,0
2012-09-29,Sunderland,Wigan,1.0,0.0,H,2012,H,1.209103840682788,0.8917197452229301,1,0
2012-09-30,Aston Villa,West Brom,1.0,1.0,D,2012,D,1.3086770981507825,1.314113308749581,1,1
2012-10-01,QPR,West Ham,1.0,2.0,A,2012,D,0.7165718349928877,0.6883450664878756,0,0
2012-10-06,Chelsea,Norwich,4.0,1.0,H,2012,H,2.7702702702702706,0.5721309643535589,2,0
2012-10-06,Man City,Sunderland,3.0,0.0,H,2012,H,2.5515647226173543,0.7039892725444186,2,0
2012-10-06,Swansea,Reading,2.0,2.0,D,2012,D,1.9914651493598863,1.1621410213431667,1,1
2012-10-06,West Brom,QPR,3.0,2.0,H,2012,H,1.8207681365576103,0.9498267962900886,1,0
2012-10-06,West Ham,Arsenal,1.0,3.0,A,2012,A,0.8463726884779516,1.2291876187283497,0,1
2012-10-06,Wigan,Everton,2.0,2.0,D,2012,D,1.0633001422475108,1.9175326852162253,1,1
2012-10-07,Liverpool,Stoke,0.0,0.0,D,2012,H,1.3495732574679946,0.46485640853726673,1,0
2012-10-07,Newcastle,Man United,0.0,3.0,A,2012,A,1.0241820768136556,2.8405408425522403,1,2
2012-10-07,Southampton,Fulham,2.0,2.0,D,2012,D,1.3869132290184922,1.1800201139792155,1,1
2012-10-07,Tottenham,Aston Villa,2.0,0.0,H,2012,H,2.1141536273115222,0.9654710023466307,2,0
2012-10-20,Fulham,Aston Villa,1.0,0.0,H,2012,H,2.0412517780938835,1.609118337244385,2,1
2012-10-20,Liverpool,Reading,1.0,0.0,H,2012,H,2.3470839260312943,0.7151637054419486,2,0
2012-10-20,Man United,Stoke,4.0,2.0,H,2012,H,1.8403271692745378,0.5520169851380042,1,0
2012-10-20,Norwich,Arsenal,1.0,0.0,H,2012,A,0.6223328591749645,1.117443289753045,0,1
2012-10-20,Swansea,Wigan,2.0,1.0,H,2012,D,1.692745376955903,1.2202480724103253,1,1
2012-10-20,Tottenham,Chelsea,2.0,4.0,A,2012,D,1.1859886201991465,1.367750586657727,1,1
2012-10-20,West Brom,Man City,1.0,2.0,A,2012,D,1.0810810810810811,1.3968041121913068,1,1
2012-10-20,West Ham,Southampton,4.0,1.0,H,2012,H,2.1763869132290186,1.1308526092300817,2,1
2012-10-21,QPR,Everton,1.0,1.0,D,2012,A,0.5316500711237554,1.3766901329757513,0,1
2012-10-21,Sunderland,Newcastle,1.0,1.0,D,2012,H,1.3157894736842104,0.8917197452229301,1,0
2012-10-27,Arsenal,QPR,1.0,0.0,H,2012,H,2.67425320056899,0.8738406525868813,2,0
2012-10-27,Aston Villa,Norwich,1.0,1.0,D,2012,D,1.5540540540540542,1.0012291876187283,1,1
2012-10-27,Man City,Swansea,1.0,0.0,H,2012,H,1.8225462304409676,0.6369426751592357,1,0
2012-10-27,Reading,Fulham,3.0,3.0,D,2012,D,1.2268847795163587,1.6225276567214215,1,1
2012-10-27,Stoke,Sunderland,0.0,0.0,D,2012,D,1.3068990042674256,1.0325175997318137,1,1
2012-10-27,Wigan,West Ham,2.0,1.0,H,2012,H,1.4331436699857754,0.9587663426081127,1,0
2012-10-28,Chelsea,Man United,2.0,3.0,A,2012,D,1.7496443812233287,1.466085596155995,1,1
2012-10-28,Everton,Liverpool,2.0,2.0,D,2012,D,1.5842816500711239,1.4437367303609343,1,1
2012-10-28,Newcastle,West Brom,2.0,1.0,H,2012,D,1.3655761024182076,1.4549111632584648,1,1
2012-10-28,Southampton,Tottenham,1.0,2.0,A,2012,D,1.294452347083926,1.984579282601408,1,1
2012-11-03,Fulham,Everton,2.0,2.0,D,2012,D,1.1450924608819346,1.4750251424740195,1,1
2012-11-03,Man United,Arsenal,2.0,1.0,H,2012,D,1.120199146514936,1.061571125265393,1,1
2012-11-03,Norwich,Stoke,1.0,0.0,H,2012,H,1.0224039829302987,0.5810705106715833,1,0
2012-11-03,Sunderland,Aston Villa,0.0,1.0,A,2012,D,1.4580369843527738,1.019108280254777,1,1
2012-11-03,Swansea,Chelsea,1.0,1.0,D,2012,D,1.1450924608819346,1.9756397362833837,1,1
2012-11-03,Tottenham,Wigan,0.0,1.0,A,2012,H,1.7532005689900427,0.8447871270533022,1,0
2012-11-03,West Ham,Man City,0.0,0.0,D,2012,D,1.1486486486486487,1.2291876187283497,1,1
2012-11-04,Liverpool,Newcastle,1.0,1.0,D,2012,H,2.1710526315789473,0.7509218907140464,2,0
2012-11-04,QPR,Reading,1.0,1.0,D,2012,A,0.9246088193456614,1.2515364845234103,0,1
2012-11-05,West Brom,Southampton,2.0,0.0,H,2012,H,2.0483641536273116,1.285059783216002,2,1
2012-11-10,Arsenal,Fulham,3.0,3.0,D,2012,H,2.5071123755334286,1.1308526092300817,2,1
2012-11-10,Aston Villa,Man United,2.0,3.0,A,2012,A,0.9815078236130867,2.5656497932729914,0,2
2012-11-10,Everton,Sunderland,2.0,1.0,H,2012,H,2.053698435277383,0.7978545088836744,2,0
2012-11-10,Reading,Norwich,0.0,0.0,D,2012,D,1.5540540540540542,1.1800201139792155,1,1
2012-11-10,Southampton,Swansea,1.0,1.0,D,2012,D,1.1557610241820768,1.019108280254777,1,1
2012-11-10,Stoke,QPR,1.0,0.0,H,2012,H,1.1948790896159318,0.8358475807352778,1,0
2012-11-10,Wigan,West Brom,1.0,2.0,A,2012,D,1.4793741109530585,1.8303721086154883,1,1
2012-11-11,Chelsea,Liverpool,1.0,1.0,D,2012,D,1.968349928876245,1.3588110403397027,1,1
2012-11-11,Man City,Tottenham,2.0,1.0,H,2012,H,2.0412517780938835,1.2403620516258802,2,1
2012-11-11,Newcastle,West Ham,0.0,1.0,A,2012,H,1.3229018492176388,0.7620963236115768,1,0
2012-11-17,Arsenal,Tottenham,5.0,2.0,H,2012,H,2.339971550497866,1.9018884791596828,2,1
2012-11-17,Liverpool,Wigan,3.0,0.0,H,2012,H,1.9950213371266003,0.7509218907140464,1,0
2012-11-17,Man City,Aston Villa,5.0,0.0,H,2012,H,2.9889758179231873,0.8045591686221925,2,0
2012-11-17,Newcastle,Swansea,1.0,2.0,A,2012,D,1.0668563300142246,1.316348195329087,1,1
2012-11-17,Norwich,Man United,1.0,0.0,H,2012,D,1.0668563300142246,1.8326069951949937,1,1
2012-11-17,QPR,Southampton,1.0,3.0,A,2012,A,0.8321479374110953,1.439266957201922,0,1
2012-11-17,Reading,Everton,2.0,1.0,H,2012,A,0.940611664295875,1.6225276567214215,0,1
2012-11-17,West Brom,Chelsea,2.0,1.0,H,2012,D,1.3086770981507825,1.8996535925801772,1,1
2012-11-18,Fulham,Sunderland,1.0,3.0,A,2012,D,1.7425320056899003,1.4079785450888371,1,1
2012-11-19,West Ham,Stoke,1.0,1.0,D,2012,H,1.3904694167852063,0.6391775617387417,1,0
2012-11-24,Aston Villa,Arsenal,0.0,0.0,D,2012,A,0.5725462304409673,1.564420605654263,0,1
2012-11-24,Everton,Norwich,1.0,1.0,D,2012,H,2.22972972972973,0.6078891496256565,2,0
2012-11-24,Man United,QPR,3.0,1.0,H,2012,H,2.5604551920341394,0.7218683651804672,2,0
2012-11-24,Stoke,Fulham,1.0,0.0,H,2012,D,1.1201991465149361,1.0816851044809477,1,1
2012-11-24,Sunderland,West Brom,2.0,4.0,A,2012,H,1.1379800853485065,0.8917197452229301,1,0
2012-11-24,Wigan,Reading,3.0,2.0,H,2012,D,1.8492176386913228,1.7432115320147503,1,1
2012-11-25,Chelsea,Man City,0.0,0.0,D,2012,H,1.3851351351351353,0.8939546318024361,1,0
2012-11-25,Southampton,Newcastle,2.0,0.0,H,2012,D,1.7105263157894737,1.1263828360710695,1,1
2012-11-25,Swansea,Liverpool,0.0,0.0,D,2012,A,1.3442389758179232,2.208067940552017,1,2
2012-11-25,Tottenham,West Ham,3.0,1.0,H,2012,H,1.5985064011379801,0.4425075427422058,1,0
2012-11-27,Aston Villa,Reading,1.0,0.0,H,2012,D,1.6358463726884782,1.2515364845234103,1,1
2012-11-27,Sunderland,QPR,0.0,0.0,D,2012,H,1.1379800853485065,0.7218683651804672,1,0
2012-11-28,Chelsea,Fulham,0.0,0.0,D,2012,H,2.187055476529161,0.7866800759861438,2,0
2012-11-28,Everton,Arsenal,1.0,1.0,D,2012,D,0.8214793741109531,0.9498267962900886,0,0
2012-11-28,Man United,West Ham,1.0,0.0,H,2012,H,2.4804409672830725,0.46709129511677283,2,0
2012-11-28,Southampton,Norwich,1.0,1.0,D,2012,H,1.7567567567567566,0.8581964465303386,1,0
2012-11-28,Stoke,Newcastle,2.0,1.0,H,2012,D,1.3815789473684212,1.0325175997318137,1,1
2012-11-28,Swansea,West Brom,3.0,1.0,H,2012,D,1.5931721194879092,1.2202480724103253,1,1
2012-11-28,Tottenham,Liverpool,2.0,1.0,H,2012,D,1.3922475106685634,1.5286624203821655,1,1
2012-11-28,Wigan,Man City,0.0,2.0,A,2012,A,0.8783783783783783,2.1790144150184383,0,2
2012-12-01,Arsenal,Swansea,0.0,2.0,A,2012,H,2.0892603129445235,0.9766454352441614,2,0
2012-12-01,Fulham,Tottenham,0.0,3.0,A,2012,A,1.3940256045519204,2.4807241032517604,1,2
2012-12-01,Liverpool,Southampton,1.0,0.0,H,2012,H,2.112375533428165,0.822438261258241,2,0
2012-12-01,Man City,Everton,1.0,1.0,D,2012,H,1.6767425320056903,0.7375125712370098,1,0
2012-12-01,QPR,Aston Villa,1.0,1.0,D,2012,A,0.9477240398293032,1.5018437814280925,0,1
2012-12-01,Reading,Man United,3.0,4.0,A,2012,A,0.9815078236130867,3.02380154207174,0,3
2012-12-01,West Brom,Stoke,0.0,1.0,A,2012,H,1.3086770981507825,0.7263381383394794,1,0
2012-12-01,West Ham,Chelsea,3.0,1.0,H,2012,D,1.3904694167852063,1.6716951614705555,1,1
2012-12-02,Norwich,Sunderland,2.0,1.0,H,2012,H,1.555832147937411,0.9386523633925578,1,0
2012-12-03,Newcastle,Wigan,3.0,0.0,H,2012,D,1.4509246088193455,1.4549111632584648,1,1
2012-12-08,Arsenal,West Brom,2.0,0.0,H,2012,H,2.67425320056899,1.0794502179014416,2,1
2012-12-08,Aston Villa,Stoke,0.0,0.0,D,2012,D,0.940611664295875,0.8134987149402166,0,0
2012-12-08,Southampton,Reading,1.0,0.0,H,2012,D,1.8492176386913228,1.072745558162923,1,1
2012-12-08,Sunderland,Chelsea,1.0,3.0,A,2012,A,0.8179231863442391,1.4437367303609343,0,1
2012-12-08,Swansea,Norwich,3.0,4.0,A,2012,H,1.8918918918918919,0.9297128170745335,1,0
2012-12-08,Wigan,QPR,2.0,2.0,D,2012,D,1.4793741109530585,1.4817298022125378,1,1
2012-12-09,Everton,Tottenham,2.0,1.0,H,2012,D,1.6429587482219061,1.4057436585093308,1,1
2012-12-09,Man City,Man United,2.0,3.0,A,2012,D,1.7496443812233287,1.3744552463962456,1,1
2012-12-09,West Ham,Liverpool,2.0,3.0,A,2012,D,1.632290184921764,1.8683651804670913,1,1
2012-12-10,Fulham,Newcastle,2.0,1.0,H,2012,D,1.8421052631578947,1.4079785450888371,1,1
2012-12-11,Sunderland,Reading,3.0,0.0,H,2012,H,1.422475106685633,0.8492569002123141,1,0
2012-12-15,Liverpool,Aston Villa,1.0,3.0,A,2012,H,2.4057610241820773,0.8581964465303386,2,0
2012-12-15,Man United,Sunderland,3.0,1.0,H,2012,H,2.8004978662873397,0.8917197452229301,2,0
2012-12-15,Newcastle,Man City,1.0,3.0,A,2012,A,0.8108108108108107,1.73203709911722,0,1
2012-12-15,Norwich,Wigan,2.0,1.0,H,2012,H,1.5113798008534851,0.9386523633925578,1,0
2012-12-15,QPR,Fulham,2.0,1.0,H,2012,A,0.6934566145092461,1.3766901329757513,0,1
2012-12-15,Stoke,Everton,1.0,1.0,D,2012,A,0.858819345661451,1.0816851044809477,0,1
2012-12-16,Tottenham,Swansea,1.0,0.0,H,2012,H,1.289118065433855,0.7643312101910827,1,0
2012-12-16,West Brom,West Ham,0.0,0.0,D,2012,H,1.763869132290185,0.6145938093641748,1,0
2012-12-17,Reading,Arsenal,2.0,5.0,A,2012,A,0.5725462304409673,1.8437814280925247,0,1
2012-12-22,Liverpool,Fulham,4.0,0.0,H,2012,H,1.760312944523471,0.7866800759861438,1,0
2012-12-22,Man City,Reading,1.0,0.0,H,2012,H,2.9160739687055477,0.670465973851827,2,0
2012-12-22,Newcastle,QPR,1.0,0.0,H,2012,D,1.3655761024182076,1.1777852273997094,1,1
2012-12-22,Southampton,Sunderland,0.0,1.0,A,2012,D,1.6180654338549076,1.1263828360710695,1,1
2012-12-22,Tottenham,Stoke,0.0,0.0,D,2012,H,1.1859886201991465,0.522963459604425,1,0
2012-12-22,West Brom,Norwich,2.0,1.0,H,2012,H,2.1621621621621623,0.8939546318024361,2,0
2012-12-22,West Ham,Everton,1.0,2.0,A,2012,D,1.3904694167852063,1.0816851044809477,1,1
2012-12-22,Wigan,Arsenal,0.0,1.0,A,2012,A,0.647226173541963,2.1790144150184383,0,2
2012-12-23,Chelsea,Aston Villa,8.0,0.0,H,2012,H,2.9889758179231873,0.8581964465303386,2,0
2012-12-23,Swansea,Man United,1.0,1.0,D,2012,A,1.1948790896159316,2.382389093753492,1,2
2012-12-26,Aston Villa,Tottenham,0.0,4.0,A,2012,A,1.1450924608819346,2.3153424963683094,1,2
2012-12-26,Everton,Wigan,2.0,1.0,H,2012,H,1.9950213371266003,0.7978545088836744,1,0
2012-12-26,Fulham,Southampton,1.0,1.0,D,2012,D,1.7923186344238977,1.542071739859202,1,1
2012-12-26,Man United,Newcastle,4.0,3.0,H,2012,H,2.9605263157894735,0.8917197452229301,2,0
2012-12-26,Norwich,Chelsea,0.0,1.0,A,2012,D,1.0224039829302987,1.5197228740641413,1,1
2012-12-26,QPR,West Brom,1.0,2.0,A,2012,A,0.7396870554765292,1.314113308749581,0,1
2012-12-26,Reading,Swansea,0.0,0.0,D,2012,D,1.0224039829302987,1.4012738853503186,1,1
2012-12-26,Stoke,Liverpool,3.0,1.0,H,2012,D,1.0081792318634426,1.8683651804670913,1,1
2012-12-26,Sunderland,Man City,1.0,0.0,H,2012,A,0.6756756756756757,1.061571125265393,0,1
2012-12-29,Arsenal,Newcastle,7.0,3.0,H,2012,H,3.0921052631578947,1.0794502179014416,3,1
2012-12-29,Aston Villa,Wigan,0.0,3.0,A,2012,D,1.3904694167852063,1.314113308749581,1,1
2012-12-29,Fulham,Swansea,1.0,2.0,A,2012,D,1.244665718349929,1.2738853503184715,1,1
2012-12-29,Man United,West Brom,2.0,0.0,H,2012,H,2.5604551920341394,0.8917197452229301,2,0
2012-12-29,Norwich,Man City,3.0,4.0,A,2012,A,0.8445945945945946,1.117443289753045,0,1
2012-12-29,Reading,West Ham,1.0,0.0,H,2012,H,1.2677809388335706,0.8112638283607108,1,0
2012-12-29,Stoke,Southampton,3.0,3.0,D,2012,D,1.3442389758179232,1.1308526092300817,1,1
2012-12-29,Sunderland,Tottenham,1.0,2.0,A,2012,A,0.9957325746799431,1.5711252653927814,0,1
2012-12-30,Everton,Chelsea,1.0,2.0,A,2012,D,1.3495732574679946,1.2917644429545203,1,1
2012-12-30,QPR,Liverpool,0.0,3.0,A,2012,A,0.6241109530583214,2.3779193205944797,0,2
2013-01-01,Man City,Stoke,3.0,0.0,H,2013,H,1.6767425320056903,0.43580288300368764,1,0
2013-01-01,Southampton,Arsenal,1.0,1.0,D,2013,A,0.647226173541963,1.340931947703654,0,1
2013-01-01,Swansea,Aston Villa,2.0,2.0,D,2013,H,2.0412517780938835,1.3945692256118,2,1
2013-01-01,Tottenham,Reading,3.0,1.0,H,2013,H,2.062588904694168,0.8045591686221923,2,0
2013-01-01,West Brom,Fulham,1.0,2.0,A,2013,D,1.7069701280227598,1.2291876187283497,1,1
2013-01-01,West Ham,Norwich,2.0,1.0,H,2013,H,2.2972972972972974,0.7866800759861438,2,0
2013-01-01,Wigan,Man United,0.0,4.0,A,2013,A,1.1095305832147937,3.573583640630238,1,3
2013-01-02,Chelsea,QPR,0.0,1.0,A,2013,H,2.3328591749644385,0.6078891496256565,2,0
2013-01-02,Liverpool,Sunderland,3.0,0.0,H,2013,H,2.053698435277383,0.7509218907140464,2,0
2013-01-02,Newcastle,Everton,1.0,2.0,A,2013,A,0.9815078236130867,1.5241926472231535,0,1
2013-01-12,Aston Villa,Southampton,0.0,1.0,A,2013,D,1.4722617354196303,1.439266957201922,1,1
2013-01-12,Everton,Swansea,0.0,0.0,D,2013,H,1.4669274537695591,0.7218683651804672,1,0
2013-01-12,Fulham,Wigan,1.0,1.0,D,2013,D,1.692745376955903,1.4079785450888371,1,1
2013-01-12,Norwich,Newcastle,0.0,0.0,D,2013,H,1.644736842105263,0.9386523633925578,1,0
2013-01-12,QPR,Tottenham,0.0,0.0,D,2013,A,0.647226173541963,2.3153424963683094,0,2
2013-01-12,Reading,West Brom,3.0,2.0,H,2013,D,1.3086770981507825,1.5487763995977206,1,1
2013-01-12,Stoke,Chelsea,0.0,4.0,A,2013,A,0.858819345661451,1.6716951614705555,0,1
2013-01-12,Sunderland,West Ham,3.0,0.0,H,2013,H,1.1024182076813656,0.46709129511677283,1,0
2013-01-13,Arsenal,Man City,0.0,2.0,A,2013,D,1.587837837837838,1.285059783216002,1,1
2013-01-13,Man United,Liverpool,2.0,1.0,H,2013,H,2.160384068278805,1.6135881104033971,2,1
2013-01-16,Chelsea,Southampton,2.0,2.0,D,2013,H,2.624466571834993,0.822438261258241,2,0
2013-01-19,Liverpool,Norwich,5.0,0.0,H,2013,H,2.22972972972973,0.5721309643535589,2,0
2013-01-19,Man City,Fulham,2.0,0.0,H,2013,H,2.187055476529161,0.7375125712370098,2,0
2013-01-19,Newcastle,Reading,1.0,2.0,A,2013,D,1.7069701280227592,1.3856296792937757,1,1
2013-01-19,Swansea,Stoke,3.0,1.0,H,2013,H,1.1450924608819346,0.7553916638730583,1,0
2013-01-19,West Brom,Aston Villa,2.0,2.0,D,2013,H,2.3328591749644385,1.340931947703654,2,1
2013-01-19,West Ham,QPR,1.0,1.0,D,2013,H,1.934566145092461,0.8358475807352778,1,0
2013-01-19,Wigan,Sunderland,2.0,3.0,A,2013,D,1.6180654338549076,1.8303721086154883,1,1
2013-01-20,Chelsea,Arsenal,2.0,1.0,H,2013,H,1.0206258890469417,0.8939546318024361,1,0
2013-01-20,Tottenham,Man United,1.0,1.0,D,2013,D,1.2375533428165009,1.6493462956754943,1,1
2013-01-21,Southampton,Everton,0.0,0.0,D,2013,D,1.0633001422475108,1.1800201139792155,1,1
2013-01-23,Arsenal,West Ham,5.0,1.0,H,2013,H,2.5906827880512093,0.5654263046150408,2,0
2013-01-29,Aston Villa,Newcastle,1.0,2.0,A,2013,D,1.5131578947368423,1.314113308749581,1,1
2013-01-29,QPR,Man City,0.0,0.0,D,2013,A,0.43918918918918914,1.564420605654263,0,1
2013-01-29,Stoke,Wigan,2.0,2.0,D,2013,D,1.2695590327169277,1.0325175997318137,1,1
2013-01-29,Sunderland,Swansea,0.0,0.0,D,2013,D,0.8890469416785206,0.8067940552016986,0,0
2013-01-30,Arsenal,Liverpool,2.0,2.0,D,2013,H,2.2564011379800855,1.9532908704883227,2,1
2013-01-30,Everton,West Brom,2.0,1.0,H,2013,H,1.8776671408250358,0.7978545088836744,1,0
2013-01-30,Fulham,West Ham,3.0,1.0,H,2013,H,1.5433854907539117,0.7375125712370098,1,0
2013-01-30,Man United,Southampton,2.0,1.0,H,2013,H,2.8805120910384066,0.9766454352441614,2,0
2013-01-30,Norwich,Tottenham,1.0,1.0,D,2013,D,1.244665718349929,1.6538160688345065,1,1
2013-01-30,Reading,Chelsea,2.0,2.0,D,2013,A,0.940611664295875,2.5075427422058336,0,2
2013-02-02,Arsenal,Stoke,1.0,0.0,H,2013,H,1.9221194879089618,0.668231087272321,1,0
2013-02-02,Everton,Aston Villa,3.0,3.0,D,2013,H,2.4057610241820773,0.9118337244384849,2,0
2013-02-02,Fulham,Man United,0.0,1.0,A,2013,A,1.1948790896159316,2.7489104927924912,1,2
2013-02-02,Newcastle,Chelsea,3.0,2.0,H,2013,A,0.9815078236130867,2.3555704547994187,0,2
2013-02-02,QPR,Norwich,0.0,0.0,D,2013,A,0.8783783783783783,1.0012291876187283,0,1
2013-02-02,Reading,Sunderland,2.0,1.0,H,2013,D,1.4313655761024182,1.5487763995977206,1,1
2013-02-02,West Ham,Swansea,1.0,0.0,H,2013,H,1.5113798008534851,0.9341825902335457,1,0
2013-02-02,Wigan,Southampton,2.0,2.0,D,2013,A,1.6642958748221905,2.004693261816963,1,2
2013-02-03,Man City,Liverpool,2.0,2.0,D,2013,D,1.968349928876245,1.2738853503184715,1,1
2013-02-03,West Brom,Tottenham,0.0,1.0,A,2013,A,1.5931721194879092,2.0672700860431337,1,2
2013-02-09,Chelsea,Wigan,4.0,1.0,H,2013,H,2.4786628733997156,0.7509218907140464,2,0
2013-02-09,Norwich,Fulham,0.0,0.0,D,2013,H,1.333570412517781,0.9833500949826794,1,0
2013-02-09,Southampton,Man City,3.0,1.0,H,2013,A,0.8783783783783783,1.340931947703654,0,1
2013-02-09,Stoke,Reading,2.0,1.0,H,2013,H,1.4935988620199148,0.9833500949826794,1,0
2013-02-09,Sunderland,Arsenal,0.0,1.0,A,2013,A,0.49786628733997157,1.061571125265393,0,1
2013-02-09,Swansea,QPR,4.0,1.0,H,2013,H,1.5931721194879092,0.9878198681416919,1,0
2013-02-09,Tottenham,Newcastle,2.0,1.0,H,2013,H,1.9078947368421053,0.8447871270533022,1,0
2013-02-10,Aston Villa,West Ham,2.0,1.0,H,2013,H,1.2677809388335706,0.6883450664878756,1,0
2013-02-10,Man United,Everton,2.0,0.0,H,2013,H,1.8403271692745378,0.9341825902335457,1,0
2013-02-11,Liverpool,West Brom,0.0,2.0,A,2013,H,1.8776671408250358,0.7509218907140464,1,0
2013-02-17,Liverpool,Swansea,5.0,0.0,H,2013,H,1.4669274537695591,0.6794055201698513,1,0
2013-02-23,Arsenal,Aston Villa,2.0,1.0,H,2013,H,3.426386913229019,1.2336573918873617,3,1
2013-02-23,Fulham,Stoke,1.0,0.0,H,2013,H,1.1450924608819346,0.8716057660073753,1,0
2013-02-23,Norwich,Everton,2.0,1.0,H,2013,H,1.0224039829302987,0.9833500949826794,1,0
2013-02-23,QPR,Man United,0.0,2.0,A,2013,A,0.5547652916073968,2.5656497932729914,0,2
2013-02-23,Reading,Wigan,0.0,3.0,A,2013,D,1.3904694167852063,1.5487763995977206,1,1
2013-02-23,West Brom,Sunderland,2.0,1.0,H,2013,D,1.9914651493598863,1.1733154542406978,1,1
2013-02-24,Man City,Chelsea,2.0,0.0,H,2013,D,1.6767425320056903,1.139792155548106,1,1
2013-02-24,Newcastle,Southampton,4.0,2.0,H,2013,D,1.5362731152204836,1.5934741311878422,1,1
2013-02-25,West Ham,Tottenham,2.0,3.0,A,2013,D,1.692745376955903,1.8191976757179573,1,1
2013-03-02,Chelsea,West Brom,1.0,0.0,H,2013,H,2.3328591749644385,0.7509218907140464,2,0
2013-03-02,Everton,Reading,3.0,1.0,H,2013,H,2.3470839260312943,0.7598614370320707,2,0
2013-03-02,Man United,Norwich,4.0,0.0,H,2013,H,3.04054054054054,0.6794055201698513,3,0
2013-03-02,Southampton,QPR,1.0,2.0,A,2013,H,1.4793741109530585,0.9118337244384849,1,0
2013-03-02,Stoke,West Ham,0.0,1.0,A,2013,H,1.1575391180654342,0.5408425522404738,1,0
2013-03-02,Sunderland,Fulham,2.0,2.0,D,2013,H,1.0668563300142246,0.9341825902335457,1,0
2013-03-02,Swansea,Newcastle,1.0,0.0,H,2013,D,1.8421052631578947,1.2202480724103253,1,1
2013-03-02,Wigan,Liverpool,0.0,4.0,A,2013,A,1.2482219061166429,3.3121019108280256,1,3
2013-03-03,Tottenham,Arsenal,2.0,1.0,H,2013,A,0.7219061166429588,1.0056989607777407,0,1
2013-03-04,Aston Villa,Man City,0.0,1.0,A,2013,A,0.7770270270270271,1.564420605654263,0,1
2013-03-09,Norwich,Southampton,0.0,0.0,D,2013,D,1.600284495021337,1.0280478265728012,1,1
2013-03-09,QPR,Sunderland,3.0,1.0,H,2013,A,0.8090327169274538,1.314113308749581,0,1
2013-03-09,Reading,Aston Villa,1.0,2.0,A,2013,D,1.6767425320056903,1.7700301709688235,1,1
2013-03-09,West Brom,Swansea,2.0,1.0,H,2013,D,1.422475106685633,1.061571125265393,1,1
2013-03-10,Liverpool,Tottenham,3.0,2.0,H,2013,D,1.6429587482219061,1.3230528550676055,1,1
2013-03-10,Newcastle,Stoke,2.0,1.0,H,2013,D,0.9815078236130867,0.9006592915409543,0,0
2013-03-16,Aston Villa,QPR,3.0,2.0,H,2013,D,1.3086770981507825,1.0638060118448989,1,1
2013-03-16,Everton,Man City,2.0,0.0,H,2013,H,1.114864864864865,0.9498267962900886,1,0
2013-03-16,Man United,Reading,1.0,0.0,H,2013,H,3.200568990042674,0.8492569002123141,3,0
2013-03-16,Southampton,Liverpool,3.0,1.0,H,2013,A,1.2482219061166429,2.038216560509554,1,2
2013-03-16,Stoke,West Brom,0.0,0.0,D,2013,D,1.1948790896159318,1.0325175997318137,1,1
2013-03-16,Swansea,Arsenal,0.0,2.0,A,2013,A,0.6970128022759602,1.4526762766789587,0,1
2013-03-17,Chelsea,West Ham,2.0,0.0,H,2013,H,2.2599573257467998,0.3933400379930719,2,0
2013-03-17,Sunderland,Norwich,1.0,1.0,D,2013,H,1.3513513513513513,0.6794055201698513,1,0
2013-03-17,Tottenham,Fulham,0.0,1.0,A,2013,H,1.5469416785206263,0.8850150854844115,1,0
2013-03-17,Wigan,Newcastle,2.0,1.0,H,2013,D,1.7105263157894737,1.8303721086154883,1,1
2013-03-30,Arsenal,Reading,4.0,1.0,H,2013,H,3.342816500711238,1.0280478265728012,3,1
2013-03-30,Everton,Stoke,1.0,0.0,H,2013,H,1.3495732574679946,0.49390993407084594,1,0
2013-03-30,Man City,Newcastle,4.0,0.0,H,2013,H,2.697368421052632,0.7039892725444186,2,0
2013-03-30,Southampton,Chelsea,2.0,1.0,H,2013,D,1.0633001422475108,1.8236674488769697,1,1
2013-03-30,Sunderland,Man United,0.0,1.0,A,2013,A,0.8534850640113796,1.7409766454352442,0,1
2013-03-30,Swansea,Tottenham,1.0,2.0,A,2013,A,1.3940256045519204,2.1499608894848588,1,2
2013-03-30,West Ham,West Brom,3.0,1.0,H,2013,D,1.934566145092461,1.0325175997318137,1,1
2013-03-30,Wigan,Norwich,1.0,0.0,H,2013,D,1.7567567567567566,1.3945692256118,1,1
2013-03-31,Aston Villa,Liverpool,1.0,2.0,A,2013,A,1.1041963015647227,2.3779193205944797,1,2
2013-04-01,Fulham,QPR,3.0,2.0,H,2013,D,1.5931721194879092,1.139792155548106,1,1
2013-04-06,Norwich,Swansea,2.0,2.0,D,2013,H,1.1113086770981508,0.8492569002123141,1,0
2013-04-06,Reading,Southampton,0.0,2.0,A,2013,D,1.4722617354196303,1.6962789138451226,1,1
2013-04-06,Stoke,Aston Villa,1.0,3.0,A,2013,D,1.5309388335704128,1.1800201139792155,1,1
2013-04-06,West Brom,Arsenal,1.0,2.0,A,2013,A,0.7965860597439546,1.3968041121913068,0,1
2013-04-07,Chelsea,Sunderland,2.0,1.0,H,2013,H,2.5515647226173543,0.7509218907140464,2,0
2013-04-07,Liverpool,West Ham,0.0,0.0,D,2013,H,1.8189900426742533,0.3933400379930719,1,0
2013-04-07,Newcastle,Fulham,1.0,0.0,H,2013,D,1.2802275960170697,1.5241926472231535,1,1
2013-04-07,QPR,Wigan,1.0,1.0,D,2013,A,0.7859174964438121,1.314113308749581,0,1
2013-04-07,Tottenham,Everton,2.0,2.0,D,2013,H,1.1859886201991465,0.8850150854844115,1,0
2013-04-08,Man United,Man City,1.0,2.0,A,2013,D,1.52027027027027,1.061571125265393,1,1
2013-04-13,Arsenal,Norwich,3.0,1.0,H,2013,H,3.175675675675676,0.822438261258241,3,0
2013-04-13,Aston Villa,Fulham,1.0,1.0,D,2013,D,1.2268847795163587,1.3766901329757513,1,1
2013-04-13,Everton,QPR,2.0,0.0,H,2013,H,1.8776671408250358,0.6458822214772602,1,0
2013-04-13,Reading,Liverpool,0.0,0.0,D,2013,A,1.1041963015647227,2.802547770700637,1,2
2013-04-13,Southampton,West Ham,1.0,1.0,D,2013,H,1.4331436699857754,0.5900100569896077,1,0
2013-04-14,Newcastle,Sunderland,0.0,3.0,A,2013,D,1.4935988620199145,1.4549111632584648,1,1
2013-04-14,Stoke,Man United,0.0,2.0,A,2013,A,0.8961593172119489,2.015867694714493,0,2
2013-04-16,Arsenal,Everton,0.0,0.0,D,2013,D,1.9221194879089618,1.1308526092300817,1,1
2013-04-17,Fulham,Chelsea,0.0,3.0,A,2013,A,1.1450924608819346,2.279584311096212,1,2
2013-04-17,Man City,Wigan,1.0,0.0,H,2013,H,2.4786628733997156,0.7039892725444186,2,0
2013-04-17,West Ham,Man United,2.0,2.0,D,2013,A,1.4509246088193455,2.015867694714493,1,2
2013-04-20,Fulham,Arsenal,0.0,1.0,A,2013,A,0.6970128022759602,1.6761649346295682,0,1
2013-04-20,Norwich,Reading,2.0,1.0,H,2013,H,1.7780938833570412,0.8939546318024358,1,0
2013-04-20,QPR,Stoke,0.0,2.0,A,2013,D,0.5316500711237554,0.8134987149402166,0,0
2013-04-20,Sunderland,Everton,1.0,0.0,H,2013,D,0.8179231863442391,0.9341825902335457,0,0
2013-04-20,Swansea,Southampton,0.0,0.0,D,2013,D,1.7923186344238977,1.336462174544642,1,1
2013-04-20,West Brom,Newcastle,1.0,1.0,D,2013,H,2.1052631578947367,1.1733154542406978,2,1
2013-04-20,West Ham,Wigan,2.0,0.0,H,2013,H,2.0554765291607398,1.0325175997318137,2,1
2013-04-21,Liverpool,Chelsea,2.0,2.0,D,2013,D,1.3495732574679946,1.215778299251313,1,1
2013-04-21,Tottenham,Man City,3.0,1.0,H,2013,A,0.9797297297297298,1.0056989607777407,0,1
2013-04-22,Man United,Aston Villa,3.0,0.0,H,2013,H,3.2805832147937415,1.019108280254777,3,1
2013-04-27,Everton,Fulham,1.0,0.0,H,2013,H,1.760312944523471,0.8358475807352778,1,0
2013-04-27,Man City,West Ham,2.0,1.0,H,2013,H,2.2599573257467998,0.3687562856185049,2,0
2013-04-27,Newcastle,Liverpool,0.0,6.0,A,2013,A,1.1522048364153628,2.632696390658174,1,2
2013-04-27,Southampton,West Brom,0.0,3.0,A,2013,D,1.4793741109530585,1.1263828360710695,1,1
2013-04-27,Stoke,Norwich,1.0,0.0,H,2013,H,1.418918918918919,0.7866800759861438,1,0
2013-04-27,Wigan,Tottenham,2.0,2.0,D,2013,A,1.294452347083926,3.224941334227288,1,3
2013-04-28,Arsenal,Man United,1.0,1.0,D,2013,D,2.0056899004267428,2.107498044474243,2,2
2013-04-28,Chelsea,Swansea,2.0,0.0,H,2013,H,1.8225462304409676,0.6794055201698513,1,0
2013-04-28,Reading,QPR,0.0,0.0,D,2013,D,1.3086770981507825,1.2537713711029168,1,1
2013-04-29,Aston Villa,Sunderland,6.0,1.0,H,2013,D,1.4313655761024182,1.314113308749581,1,1
2013-05-04,Fulham,Reading,2.0,4.0,A,2013,D,1.9914651493598863,1.340931947703654,1,1
2013-05-04,Norwich,Aston Villa,1.0,2.0,A,2013,D,1.8225462304409676,1.072745558162923,1,1
2013-05-04,QPR,Arsenal,0.0,1.0,A,2013,A,0.3236130867709815,1.564420605654263,0,1
2013-05-04,Swansea,Man City,0.0,0.0,D,2013,A,0.9459459459459459,1.4526762766789587,0,1
2013-05-04,Tottenham,Southampton,1.0,0.0,H,2013,H,1.856330014224751,0.9252430439155211,1,0
2013-05-04,West Brom,Wigan,2.0,3.0,A,2013,D,1.934566145092461,1.1733154542406978,1,1
2013-05-04,West Ham,Newcastle,0.0,0.0,D,2013,H,2.236842105263158,1.0325175997318137,2,1
2013-05-05,Liverpool,Everton,0.0,0.0,D,2013,H,1.3495732574679946,0.7866800759861438,1,0
2013-05-05,Man United,Chelsea,0.0,1.0,A,2013,D,1.8403271692745378,1.4437367303609343,1,1
2013-05-06,Sunderland,Stoke,1.0,1.0,D,2013,D,0.8179231863442391,0.5520169851380042,0,0
2013-05-07,Man City,West Brom,1.0,0.0,H,2013,H,2.3328591749644385,0.7039892725444186,2,0
2013-05-07,Wigan,Swansea,2.0,3.0,A,2013,D,1.1557610241820768,1.6560509554140128,1,1
2013-05-08,Chelsea,Tottenham,2.0,2.0,D,2013,H,2.0412517780938835,1.3230528550676055,2,1
2013-05-11,Aston Villa,Chelsea,1.0,2.0,A,2013,A,0.940611664295875,2.1276120236897977,0,2
2013-05-12,Everton,West Ham,2.0,0.0,H,2013,H,1.8189900426742533,0.4179237903676389,1,0
2013-05-12,Fulham,Liverpool,1.0,3.0,A,2013,A,1.3442389758179232,2.547770700636943,1,2
2013-05-12,Man United,Swansea,2.0,1.0,H,2013,H,2.000355618776671,0.8067940552016986,2,0
2013-05-12,Norwich,West Brom,4.0,0.0,H,2013,H,1.422475106685633,0.9386523633925578,1,0
2013-05-12,QPR,Newcastle,1.0,2.0,A,2013,A,0.8552631578947368,1.314113308749581,0,1
2013-05-12,Stoke,Tottenham,1.0,2.0,A,2013,D,1.0455192034139404,1.8191976757179573,1,1
2013-05-12,Sunderland,Southampton,1.0,1.0,D,2013,H,1.2802275960170697,0.9766454352441614,1,0
2013-05-14,Arsenal,Wigan,4.0,1.0,H,2013,H,2.841394025604552,1.0794502179014416,2,1
2013-05-14,Reading,Man City,0.0,2.0,A,2013,A,0.7770270270270271,1.8437814280925247,0,1
2013-05-19,Chelsea,Everton,2.0,1.0,H,2013,H,1.6767425320056903,0.7866800759861438,1,0
2013-05-19,Liverpool,QPR,1.0,0.0,H,2013,H,1.8776671408250358,0.6078891496256565,1,0
2013-05-19,Man City,Norwich,2.0,3.0,A,2013,H,2.7702702702702706,0.5363727790814616,2,0
2013-05-19,Newcastle,Arsenal,0.0,1.0,A,2013,A,0.5974395448079658,1.73203709911722,0,1
2013-05-19,Southampton,Stoke,1.0,1.0,D,2013,H,1.0633001422475108,0.6972846128059,1,0
2013-05-19,Swansea,Fulham,0.0,3.0,A,2013,D,1.4935988620199148,1.2783551234774835,1,1
2013-05-19,Tottenham,Sunderland,1.0,0.0,H,2013,H,1.804765291607397,0.8447871270533022,1,0
2013-05-19,West Brom,Man United,5.0,5.0,D,2013,A,1.3655761024182076,2.290758743993743,1,2
2013-05-19,West Ham,Reading,4.0,2.0,H,2013,H,2.418207681365576,0.9833500949826794,2,0
2013-05-19,Wigan,Aston Villa,2.0,2.0,D,2013,A,1.8954480796586064,2.0918538384177006,1,2
